date,share_price
1972-06-01,1.94
1972-06-02,1.96
1972-06-05,1.94
1972-06-06,1.93
1972-06-07,1.9
1972-06-08,1.9
1972-06-09,1.91
1972-06-12,1.93
1972-06-13,1.93
1972-06-14,1.94
1972-06-15,1.94
1972-06-16,1.96
1972-06-19,1.96
1972-06-20,1.99
1972-06-21,1.98
1972-06-22,1.99
1972-06-23,1.98
1972-06-26,1.96
1972-06-27,1.98
1972-06-28,1.95
1972-06-29,1.89
1972-06-30,1.9
1972-07-03,1.91
1972-07-05,1.94
1972-07-06,1.94
1972-07-07,1.91
1972-07-10,1.9
1972-07-11,1.87
1972-07-12,1.87
1972-07-13,1.87
1972-07-14,1.87
1972-07-17,1.85
1972-07-18,1.87
1972-07-19,1.89
1972-07-20,1.91
1972-07-21,1.91
1972-07-24,1.87
1972-07-25,1.87
1972-07-26,1.9
1972-07-27,1.87
1972-07-28,1.88
1972-07-31,1.88
1972-08-01,1.9
1972-08-02,1.97
1972-08-03,1.96
1972-08-04,1.88
1972-08-07,1.85
1972-08-08,1.84
1972-08-09,1.83
1972-08-10,1.78
1972-08-11,1.78
1972-08-14,1.76
1972-08-15,1.78
1972-08-16,1.79
1972-08-17,1.8
1972-08-18,1.81
1972-08-21,1.82
1972-08-22,1.84
1972-08-23,1.84
1972-08-24,1.81
1972-08-25,1.8
1972-08-28,1.81
1972-08-29,1.81
1972-08-30,1.8
1972-08-31,1.82
1972-09-01,1.8
1972-09-05,1.8
1972-09-06,1.82
1972-09-07,1.8
1972-09-08,1.8
1972-09-11,1.8
1972-09-12,1.76
1972-09-13,1.77
1972-09-14,1.73
1972-09-15,1.74
1972-09-18,1.71
1972-09-19,1.68
1972-09-20,1.65
1972-09-21,1.65
1972-09-22,1.62
1972-09-25,1.6
1972-09-26,1.6
1972-09-27,1.59
1972-09-28,1.59
1972-09-29,1.63
1972-10-02,1.6
1972-10-03,1.59
1972-10-04,1.54
1972-10-05,1.51
1972-10-06,1.53
1972-10-09,1.54
1972-10-10,1.6
1972-10-11,1.69
1972-10-12,1.68
1972-10-13,1.65
1972-10-16,1.66
1972-10-17,1.66
1972-10-18,1.65
1972-10-19,1.6
1972-10-20,1.63
1972-10-23,1.65
1972-10-24,1.63
1972-10-25,1.62
1972-10-26,1.62
1972-10-27,1.59
1972-10-30,1.55
1972-10-31,1.59
1972-11-01,1.64
1972-11-02,1.69
1972-11-03,1.79
1972-11-06,1.77
1972-11-08,1.78
1972-11-09,1.79
1972-11-10,1.76
1972-11-13,1.75
1972-11-14,1.76
1972-11-15,1.76
1972-11-16,1.76
1972-11-17,1.74
1972-11-20,1.75
1972-11-21,1.84
1972-11-22,1.89
1972-11-24,1.93
1972-11-27,1.96
1972-11-28,1.93
1972-11-29,1.96
1972-11-30,1.96
1972-12-01,1.96
1972-12-04,1.88
1972-12-05,1.88
1972-12-06,1.88
1972-12-07,1.87
1972-12-08,1.87
1972-12-11,1.87
1972-12-12,1.87
1972-12-13,1.88
1972-12-14,1.87
1972-12-15,1.91
1972-12-18,1.9
1972-12-19,1.91
1972-12-20,1.93
1972-12-21,1.87
1972-12-22,1.9
1972-12-26,1.87
1972-12-27,1.94
1972-12-29,1.96
1973-01-02,1.94
1973-01-03,1.94
1973-01-04,1.91
1973-01-05,1.87
1973-01-08,1.84
1973-01-09,1.84
1973-01-10,1.85
1973-01-11,1.84
1973-01-12,1.79
1973-01-15,1.8
1973-01-16,1.75
1973-01-17,1.77
1973-01-18,1.76
1973-01-19,1.73
1973-01-22,1.78
1973-01-23,1.84
1973-01-24,1.85
1973-01-26,1.77
1973-01-29,1.73
1973-01-30,1.69
1973-01-31,1.68
1973-02-01,1.69
1973-02-02,1.7
1973-02-05,1.71
1973-02-06,1.7
1973-02-07,1.66
1973-02-08,1.63
1973-02-09,1.63
1973-02-12,1.66
1973-02-13,1.66
1973-02-14,1.61
1973-02-15,1.59
1973-02-16,1.59
1973-02-20,1.62
1973-02-21,1.59
1973-02-22,1.59
1973-02-23,1.59
1973-02-26,1.55
1973-02-27,1.53
1973-02-28,1.55
1973-03-01,1.55
1973-03-02,1.52
1973-03-05,1.53
1973-03-06,1.57
1973-03-07,1.63
1973-03-08,1.66
1973-03-09,1.65
1973-03-12,1.61
1973-03-13,1.62
1973-03-14,1.62
1973-03-15,1.59
1973-03-16,1.58
1973-03-19,1.58
1973-03-20,1.54
1973-03-21,1.54
1973-03-22,1.52
1973-03-23,1.49
1973-03-26,1.5
1973-03-27,1.48
1973-03-28,1.48
1973-03-29,1.48
1973-03-30,1.46
1973-04-02,1.46
1973-04-03,1.44
1973-04-04,1.44
1973-04-05,1.46
1973-04-06,1.44
1973-04-09,1.45
1973-04-10,1.46
1973-04-11,1.44
1973-04-12,1.44
1973-04-13,1.45
1973-04-16,1.44
1973-04-17,1.43
1973-04-18,1.44
1973-04-19,1.44
1973-04-23,1.41
1973-04-24,1.4
1973-04-25,1.38
1973-04-26,1.37
1973-04-27,1.43
1973-04-30,1.41
1973-05-01,1.41
1973-05-02,1.42
1973-05-03,1.41
1973-05-04,1.44
1973-05-07,1.43
1973-05-08,1.44
1973-05-09,1.44
1973-05-10,1.41
1973-05-11,1.41
1973-05-14,1.37
1973-05-15,1.35
1973-05-16,1.31
1973-05-17,1.28
1973-05-18,1.27
1973-05-21,1.3
1973-05-22,1.34
1973-05-23,1.31
1973-05-24,1.3
1973-05-25,1.32
1973-05-29,1.3
1973-05-30,1.31
1973-05-31,1.3
1973-06-01,1.27
1973-06-04,1.25
1973-06-05,1.26
1973-06-06,1.26
1973-06-07,1.25
1973-06-08,1.26
1973-06-11,1.3
1973-06-12,1.32
1973-06-13,1.38
1973-06-14,1.4
1973-06-15,1.39
1973-06-18,1.34
1973-06-19,1.31
1973-06-20,1.29
1973-06-21,1.25
1973-06-22,1.29
1973-06-25,1.28
1973-06-26,1.26
1973-06-27,1.26
1973-06-28,1.27
1973-06-29,1.26
1973-07-02,1.27
1973-07-03,1.27
1973-07-05,1.26
1973-07-06,1.24
1973-07-09,1.26
1973-07-10,1.27
1973-07-11,1.27
1973-07-12,1.28
1973-07-13,1.3
1973-07-16,1.32
1973-07-17,1.35
1973-07-18,1.38
1973-07-19,1.4
1973-07-20,1.4
1973-07-23,1.41
1973-07-24,1.4
1973-07-25,1.43
1973-07-26,1.41
1973-07-27,1.38
1973-07-30,1.37
1973-07-31,1.34
1973-08-01,1.33
1973-08-02,1.34
1973-08-03,1.34
1973-08-06,1.35
1973-08-07,1.34
1973-08-08,1.3
1973-08-09,1.3
1973-08-10,1.3
1973-08-13,1.3
1973-08-14,1.3
1973-08-15,1.3
1973-08-16,1.29
1973-08-17,1.3
1973-08-20,1.3
1973-08-21,1.28
1973-08-22,1.26
1973-08-23,1.24
1973-08-24,1.24
1973-08-27,1.24
1973-08-28,1.24
1973-08-29,1.24
1973-08-30,1.25
1973-08-31,1.24
1973-09-04,1.26
1973-09-05,1.24
1973-09-06,1.27
1973-09-07,1.34
1973-09-10,1.32
1973-09-11,1.27
1973-09-12,1.25
1973-09-13,1.26
1973-09-14,1.24
1973-09-17,1.28
1973-09-18,1.31
1973-09-19,1.33
1973-09-20,1.4
1973-09-21,1.41
1973-09-24,1.46
1973-09-25,1.44
1973-09-26,1.44
1973-09-27,1.45
1973-09-28,1.41
1973-10-01,1.39
1973-10-02,1.4
1973-10-03,1.44
1973-10-04,1.46
1973-10-05,1.49
1973-10-08,1.48
1973-10-09,1.54
1973-10-10,1.52
1973-10-11,1.57
1973-10-12,1.55
1973-10-15,1.53
1973-10-16,1.48
1973-10-17,1.48
1973-10-18,1.51
1973-10-19,1.48
1973-10-22,1.48
1973-10-23,1.48
1973-10-24,1.5
1973-10-25,1.46
1973-10-26,1.46
1973-10-29,1.44
1973-10-30,1.41
1973-10-31,1.37
1973-11-01,1.36
1973-11-02,1.35
1973-11-05,1.28
1973-11-06,1.29
1973-11-07,1.34
1973-11-08,1.35
1973-11-09,1.27
1973-11-12,1.21
1973-11-13,1.19
1973-11-14,1.15
1973-11-15,1.19
1973-11-16,1.17
1973-11-19,1.13
1973-11-20,1.13
1973-11-21,1.09
1973-11-23,1.09
1973-11-26,1.04
1973-11-27,1.01
1973-11-28,1.04
1973-11-29,1.04
1973-11-30,1.01
1973-12-03,0.98
1973-12-04,0.96
1973-12-05,0.99
1973-12-06,0.99
1973-12-07,0.99
1973-12-10,0.98
1973-12-11,0.98
1973-12-12,0.95
1973-12-13,0.93
1973-12-14,0.91
1973-12-17,0.91
1973-12-18,0.91
1973-12-19,0.9
1973-12-20,0.91
1973-12-21,0.91
1973-12-24,0.91
1973-12-26,0.91
1973-12-27,0.89
1973-12-28,0.89
1973-12-31,0.96
1974-01-02,0.95
1974-01-03,0.94
1974-01-04,0.93
1974-01-07,0.93
1974-01-08,0.92
1974-01-09,0.9
1974-01-10,0.91
1974-01-11,0.95
1974-01-14,0.99
1974-01-15,1.02
1974-01-16,1.07
1974-01-17,1.1
1974-01-18,1.12
1974-01-21,1.07
1974-01-22,1.09
1974-01-23,1.1
1974-01-24,1.1
1974-01-25,1.12
1974-01-28,1.06
1974-01-29,1.04
1974-01-30,1.07
1974-01-31,1.11
1974-02-01,1.09
1974-02-04,1.02
1974-02-05,1.02
1974-02-06,1.02
1974-02-07,1.02
1974-02-08,1.0
1974-02-11,1.01
1974-02-12,1.03
1974-02-13,1.01
1974-02-14,1.02
1974-02-15,1.05
1974-02-19,1.05
1974-02-20,1.08
1974-02-21,1.09
1974-02-22,1.09
1974-02-25,1.09
1974-02-26,1.09
1974-02-27,1.09
1974-02-28,1.09
1974-03-01,1.09
1974-03-04,1.09
1974-03-05,1.1
1974-03-06,1.09
1974-03-07,1.09
1974-03-08,1.09
1974-03-11,1.09
1974-03-12,1.09
1974-03-13,1.09
1974-03-14,1.08
1974-03-15,1.09
1974-03-18,1.1
1974-03-19,1.11
1974-03-20,1.12
1974-03-21,1.13
1974-03-22,1.12
1974-03-25,1.12
1974-03-26,1.12
1974-03-27,1.12
1974-03-28,1.12
1974-03-29,1.09
1974-04-01,1.09
1974-04-02,1.07
1974-04-03,1.09
1974-04-04,1.12
1974-04-05,1.1
1974-04-08,1.1
1974-04-09,1.1
1974-04-10,1.12
1974-04-11,1.11
1974-04-15,1.12
1974-04-16,1.18
1974-04-17,1.19
1974-04-18,1.19
1974-04-19,1.16
1974-04-22,1.16
1974-04-23,1.16
1974-04-24,1.12
1974-04-25,1.09
1974-04-26,1.1
1974-04-29,1.1
1974-04-30,1.1
1974-05-01,1.12
1974-05-02,1.14
1974-05-03,1.16
1974-05-06,1.14
1974-05-07,1.16
1974-05-08,1.16
1974-05-09,1.18
1974-05-10,1.18
1974-05-13,1.15
1974-05-14,1.15
1974-05-15,1.15
1974-05-16,1.14
1974-05-17,1.12
1974-05-20,1.1
1974-05-21,1.04
1974-05-22,1.05
1974-05-23,1.07
1974-05-24,1.1
1974-05-28,1.09
1974-05-29,1.09
1974-05-30,1.09
1974-05-31,1.09
1974-06-03,1.12
1974-06-04,1.09
1974-06-05,1.09
1974-06-06,1.12
1974-06-07,1.13
1974-06-10,1.1
1974-06-11,1.09
1974-06-12,1.08
1974-06-13,1.05
1974-06-14,1.06
1974-06-17,1.05
1974-06-18,1.05
1974-06-19,1.05
1974-06-20,1.04
1974-06-21,1.03
1974-06-24,1.02
1974-06-25,1.02
1974-06-26,1.02
1974-06-27,1.01
1974-06-28,1.01
1974-07-01,1.02
1974-07-02,1.0
1974-07-03,1.0
1974-07-05,0.99
1974-07-08,0.96
1974-07-09,0.97
1974-07-10,0.95
1974-07-11,0.95
1974-07-12,0.98
1974-07-15,1.0
1974-07-16,0.99
1974-07-17,1.0
1974-07-18,0.99
1974-07-19,0.99
1974-07-22,0.99
1974-07-23,1.03
1974-07-24,1.1
1974-07-25,1.08
1974-07-26,1.07
1974-07-29,1.05
1974-07-30,1.06
1974-07-31,1.05
1974-08-01,1.02
1974-08-02,1.03
1974-08-05,1.02
1974-08-06,1.02
1974-08-07,1.02
1974-08-08,1.02
1974-08-09,0.99
1974-08-12,0.99
1974-08-13,0.99
1974-08-14,0.98
1974-08-15,0.98
1974-08-16,0.94
1974-08-19,0.93
1974-08-20,0.93
1974-08-21,0.94
1974-08-22,0.96
1974-08-23,0.97
1974-08-26,0.94
1974-08-27,0.93
1974-08-28,0.91
1974-08-29,0.9
1974-08-30,0.93
1974-09-03,0.93
1974-09-04,0.88
1974-09-05,0.88
1974-09-06,0.92
1974-09-09,0.89
1974-09-10,0.88
1974-09-11,0.88
1974-09-12,0.85
1974-09-13,0.84
1974-09-16,0.84
1974-09-17,0.85
1974-09-18,0.87
1974-09-19,0.87
1974-09-20,0.89
1974-09-23,0.9
1974-09-24,0.87
1974-09-25,0.87
1974-09-26,0.86
1974-09-27,0.86
1974-09-30,0.85
1974-10-01,0.85
1974-10-02,0.87
1974-10-03,0.84
1974-10-04,0.87
1974-10-07,0.94
1974-10-08,0.91
1974-10-09,0.94
1974-10-10,0.94
1974-10-11,0.98
1974-10-14,1.03
1974-10-15,1.0
1974-10-16,1.0
1974-10-17,1.0
1974-10-18,0.98
1974-10-21,0.98
1974-10-22,0.96
1974-10-23,0.94
1974-10-24,0.92
1974-10-25,0.96
1974-10-28,0.98
1974-10-29,0.97
1974-10-30,0.96
1974-10-31,0.95
1974-11-01,0.96
1974-11-04,0.94
1974-11-05,0.95
1974-11-06,0.94
1974-11-07,0.93
1974-11-08,0.92
1974-11-11,0.92
1974-11-12,0.89
1974-11-13,0.88
1974-11-14,0.88
1974-11-15,0.88
1974-11-18,0.87
1974-11-19,0.9
1974-11-20,0.9
1974-11-21,0.9
1974-11-22,0.91
1974-11-25,0.91
1974-11-26,0.93
1974-11-27,0.91
1974-11-29,0.91
1974-12-02,0.91
1974-12-03,0.93
1974-12-04,0.93
1974-12-05,0.91
1974-12-06,0.91
1974-12-09,0.91
1974-12-10,0.92
1974-12-11,0.93
1974-12-12,0.94
1974-12-13,0.95
1974-12-16,0.94
1974-12-17,0.93
1974-12-18,0.93
1974-12-19,0.94
1974-12-20,0.93
1974-12-23,0.93
1974-12-24,0.94
1974-12-26,0.94
1974-12-27,0.97
1974-12-30,0.96
1974-12-31,1.02
1975-01-02,1.05
1975-01-03,1.05
1975-01-06,1.1
1975-01-07,1.06
1975-01-08,1.07
1975-01-09,1.07
1975-01-10,1.1
1975-01-13,1.1
1975-01-14,1.08
1975-01-15,1.15
1975-01-16,1.13
1975-01-17,1.09
1975-01-20,1.09
1975-01-21,1.1
1975-01-22,1.08
1975-01-23,1.09
1975-01-24,1.07
1975-01-27,1.12
1975-01-28,1.11
1975-01-29,1.1
1975-01-30,1.09
1975-01-31,1.1
1975-02-03,1.09
1975-02-04,1.05
1975-02-05,1.04
1975-02-06,1.03
1975-02-07,1.04
1975-02-10,1.04
1975-02-11,1.04
1975-02-12,1.05
1975-02-13,1.07
1975-02-14,1.07
1975-02-18,1.05
1975-02-19,1.07
1975-02-20,1.06
1975-02-21,1.05
1975-02-24,1.05
1975-02-25,1.02
1975-02-26,1.02
1975-02-27,1.03
1975-02-28,1.03
1975-03-03,1.06
1975-03-04,1.12
1975-03-05,1.1
1975-03-06,1.1
1975-03-07,1.12
1975-03-10,1.16
1975-03-11,1.15
1975-03-12,1.15
1975-03-13,1.15
1975-03-14,1.13
1975-03-17,1.14
1975-03-18,1.13
1975-03-19,1.12
1975-03-20,1.13
1975-03-21,1.13
1975-03-24,1.13
1975-03-25,1.12
1975-03-26,1.13
1975-03-27,1.12
1975-03-31,1.12
1975-04-01,1.1
1975-04-02,1.1
1975-04-03,1.08
1975-04-04,1.07
1975-04-07,1.08
1975-04-08,1.06
1975-04-09,1.05
1975-04-10,1.05
1975-04-11,1.05
1975-04-14,1.07
1975-04-15,1.14
1975-04-16,1.14
1975-04-17,1.19
1975-04-18,1.16
1975-04-21,1.15
1975-04-22,1.16
1975-04-23,1.16
1975-04-24,1.15
1975-04-25,1.15
1975-04-28,1.16
1975-04-29,1.16
1975-04-30,1.14
1975-05-01,1.16
1975-05-02,1.17
1975-05-05,1.18
1975-05-06,1.15
1975-05-07,1.12
1975-05-08,1.12
1975-05-09,1.12
1975-05-12,1.13
1975-05-13,1.15
1975-05-14,1.18
1975-05-15,1.22
1975-05-16,1.19
1975-05-19,1.19
1975-05-20,1.21
1975-05-21,1.18
1975-05-22,1.19
1975-05-23,1.19
1975-05-27,1.16
1975-05-28,1.16
1975-05-29,1.16
1975-05-30,1.16
1975-06-02,1.18
1975-06-03,1.19
1975-06-04,1.19
1975-06-05,1.22
1975-06-06,1.24
1975-06-09,1.24
1975-06-10,1.24
1975-06-11,1.23
1975-06-12,1.18
1975-06-13,1.19
1975-06-16,1.2
1975-06-17,1.23
1975-06-18,1.24
1975-06-19,1.27
1975-06-20,1.27
1975-06-23,1.27
1975-06-24,1.27
1975-06-25,1.27
1975-06-26,1.26
1975-06-27,1.27
1975-06-30,1.27
1975-07-01,1.26
1975-07-02,1.27
1975-07-03,1.27
1975-07-07,1.26
1975-07-08,1.25
1975-07-09,1.27
1975-07-10,1.27
1975-07-11,1.26
1975-07-14,1.25
1975-07-15,1.29
1975-07-16,1.32
1975-07-17,1.3
1975-07-18,1.3
1975-07-21,1.31
1975-07-22,1.29
1975-07-23,1.26
1975-07-24,1.23
1975-07-25,1.21
1975-07-28,1.21
1975-07-29,1.24
1975-07-30,1.23
1975-07-31,1.24
1975-08-01,1.23
1975-08-04,1.22
1975-08-05,1.19
1975-08-06,1.19
1975-08-07,1.17
1975-08-08,1.18
1975-08-11,1.18
1975-08-12,1.18
1975-08-13,1.18
1975-08-14,1.19
1975-08-15,1.21
1975-08-18,1.21
1975-08-19,1.23
1975-08-20,1.18
1975-08-21,1.19
1975-08-22,1.23
1975-08-25,1.23
1975-08-26,1.23
1975-08-27,1.23
1975-08-28,1.24
1975-08-29,1.24
1975-09-02,1.23
1975-09-03,1.23
1975-09-04,1.24
1975-09-05,1.25
1975-09-08,1.23
1975-09-09,1.24
1975-09-10,1.23
1975-09-11,1.23
1975-09-12,1.22
1975-09-15,1.21
1975-09-16,1.19
1975-09-17,1.19
1975-09-18,1.18
1975-09-19,1.19
1975-09-22,1.21
1975-09-23,1.19
1975-09-24,1.19
1975-09-25,1.2
1975-09-26,1.19
1975-09-29,1.18
1975-09-30,1.16
1975-10-01,1.15
1975-10-02,1.16
1975-10-03,1.16
1975-10-06,1.16
1975-10-07,1.17
1975-10-08,1.19
1975-10-09,1.23
1975-10-10,1.25
1975-10-13,1.27
1975-10-14,1.29
1975-10-15,1.27
1975-10-16,1.27
1975-10-17,1.27
1975-10-20,1.27
1975-10-21,1.31
1975-10-22,1.34
1975-10-23,1.4
1975-10-24,1.37
1975-10-27,1.37
1975-10-28,1.41
1975-10-29,1.37
1975-10-30,1.36
1975-10-31,1.34
1975-11-03,1.31
1975-11-04,1.33
1975-11-05,1.34
1975-11-06,1.34
1975-11-07,1.37
1975-11-10,1.36
1975-11-11,1.37
1975-11-12,1.37
1975-11-13,1.38
1975-11-14,1.4
1975-11-17,1.41
1975-11-18,1.4
1975-11-19,1.41
1975-11-20,1.41
1975-11-21,1.41
1975-11-24,1.39
1975-11-25,1.42
1975-11-26,1.42
1975-11-28,1.44
1975-12-01,1.43
1975-12-02,1.41
1975-12-03,1.41
1975-12-04,1.41
1975-12-05,1.44
1975-12-08,1.44
1975-12-09,1.46
1975-12-10,1.44
1975-12-11,1.44
1975-12-12,1.46
1975-12-15,1.47
1975-12-16,1.49
1975-12-17,1.51
1975-12-18,1.51
1975-12-19,1.51
1975-12-22,1.51
1975-12-23,1.5
1975-12-24,1.51
1975-12-26,1.51
1975-12-29,1.5
1975-12-30,1.49
1975-12-31,1.48
1976-01-02,1.49
1976-01-05,1.48
1976-01-06,1.49
1976-01-07,1.48
1976-01-08,1.48
1976-01-09,1.51
1976-01-12,1.54
1976-01-13,1.54
1976-01-14,1.6
1976-01-15,1.57
1976-01-16,1.6
1976-01-19,1.62
1976-01-20,1.61
1976-01-21,1.6
1976-01-22,1.59
1976-01-23,1.6
1976-01-26,1.62
1976-01-27,1.62
1976-01-28,1.63
1976-01-29,1.67
1976-01-30,1.66
1976-02-02,1.7
1976-02-03,1.73
1976-02-04,1.81
1976-02-05,1.8
1976-02-06,1.83
1976-02-09,1.85
1976-02-10,1.92
1976-02-11,1.94
1976-02-12,1.96
1976-02-13,1.84
1976-02-17,1.84
1976-02-18,1.91
1976-02-19,1.97
1976-02-20,2.02
1976-02-23,2.05
1976-02-24,2.05
1976-02-25,2.03
1976-02-26,1.94
1976-02-27,1.87
1976-03-01,1.93
1976-03-02,1.95
1976-03-03,1.91
1976-03-04,1.91
1976-03-05,1.91
1976-03-08,1.94
1976-03-09,1.99
1976-03-10,1.99
1976-03-11,1.96
1976-03-12,1.95
1976-03-15,1.94
1976-03-16,1.91
1976-03-17,1.91
1976-03-18,1.87
1976-03-19,1.87
1976-03-22,1.84
1976-03-23,1.84
1976-03-24,1.89
1976-03-25,1.91
1976-03-26,1.96
1976-03-29,1.94
1976-03-30,1.9
1976-03-31,1.91
1976-04-01,1.93
1976-04-02,1.94
1976-04-05,2.01
1976-04-06,1.99
1976-04-07,1.94
1976-04-08,1.91
1976-04-09,1.92
1976-04-12,1.91
1976-04-13,1.98
1976-04-14,2.01
1976-04-15,2.01
1976-04-19,2.02
1976-04-20,2.08
1976-04-21,2.16
1976-04-22,2.14
1976-04-23,2.12
1976-04-26,2.12
1976-04-27,2.13
1976-04-28,2.13
1976-04-29,2.16
1976-04-30,2.16
1976-05-03,2.13
1976-05-04,2.12
1976-05-05,2.14
1976-05-06,2.15
1976-05-07,2.13
1976-05-10,2.18
1976-05-11,2.23
1976-05-12,2.25
1976-05-13,2.24
1976-05-14,2.21
1976-05-17,2.19
1976-05-18,2.21
1976-05-19,2.23
1976-05-20,2.3
1976-05-21,2.27
1976-05-24,2.24
1976-05-25,2.24
1976-05-26,2.22
1976-05-27,2.16
1976-05-28,2.18
1976-06-01,2.18
1976-06-02,2.19
1976-06-03,2.16
1976-06-04,2.14
1976-06-07,2.09
1976-06-08,2.09
1976-06-09,2.12
1976-06-10,2.16
1976-06-11,2.23
1976-06-14,2.29
1976-06-15,2.3
1976-06-16,2.3
1976-06-17,2.3
1976-06-18,2.36
1976-06-21,2.34
1976-06-22,2.33
1976-06-23,2.33
1976-06-24,2.37
1976-06-25,2.3
1976-06-28,2.3
1976-06-29,2.28
1976-06-30,2.27
1976-07-01,2.15
1976-07-02,2.16
1976-07-06,2.16
1976-07-07,2.16
1976-07-08,2.16
1976-07-09,2.15
1976-07-12,2.16
1976-07-13,2.19
1976-07-14,2.23
1976-07-15,2.21
1976-07-16,2.19
1976-07-19,2.19
1976-07-20,2.16
1976-07-21,2.16
1976-07-22,2.16
1976-07-23,2.16
1976-07-26,2.16
1976-07-27,2.16
1976-07-28,2.18
1976-07-29,2.21
1976-07-30,2.24
1976-08-02,2.29
1976-08-03,2.3
1976-08-04,2.34
1976-08-05,2.32
1976-08-06,2.31
1976-08-09,2.3
1976-08-10,2.31
1976-08-11,2.32
1976-08-12,2.37
1976-08-13,2.39
1976-08-16,2.41
1976-08-17,2.43
1976-08-18,2.41
1976-08-19,2.37
1976-08-20,2.29
1976-08-23,2.26
1976-08-24,2.22
1976-08-25,2.15
1976-08-26,2.1
1976-08-27,2.1
1976-08-30,2.1
1976-08-31,2.07
1976-09-01,2.1
1976-09-02,2.1
1976-09-03,2.11
1976-09-07,2.16
1976-09-08,2.16
1976-09-09,2.14
1976-09-10,2.12
1976-09-13,2.1
1976-09-14,2.07
1976-09-15,2.04
1976-09-16,2.04
1976-09-17,2.1
1976-09-20,2.13
1976-09-21,2.12
1976-09-22,2.12
1976-09-23,2.1
1976-09-24,2.08
1976-09-27,2.1
1976-09-28,2.08
1976-09-29,2.02
1976-09-30,1.99
1976-10-01,1.98
1976-10-04,1.93
1976-10-05,1.89
1976-10-06,1.91
1976-10-07,1.94
1976-10-08,1.96
1976-10-11,1.94
1976-10-12,1.93
1976-10-13,1.98
1976-10-14,1.96
1976-10-15,1.99
1976-10-18,2.01
1976-10-19,2.0
1976-10-20,2.01
1976-10-21,2.01
1976-10-22,2.01
1976-10-25,2.0
1976-10-26,2.01
1976-10-27,2.05
1976-10-28,2.04
1976-10-29,2.05
1976-11-01,2.06
1976-11-03,2.03
1976-11-04,2.07
1976-11-05,2.07
1976-11-08,2.05
1976-11-09,2.08
1976-11-10,2.05
1976-11-11,2.02
1976-11-12,2.04
1976-11-15,2.07
1976-11-16,2.08
1976-11-17,2.08
1976-11-18,2.08
1976-11-19,2.1
1976-11-22,2.13
1976-11-23,2.17
1976-11-24,2.18
1976-11-26,2.21
1976-11-29,2.19
1976-11-30,2.19
1976-12-01,2.22
1976-12-02,2.21
1976-12-03,2.18
1976-12-06,2.23
1976-12-07,2.22
1976-12-08,2.27
1976-12-09,2.27
1976-12-10,2.28
1976-12-13,2.27
1976-12-14,2.29
1976-12-15,2.37
1976-12-16,2.36
1976-12-17,2.33
1976-12-20,2.3
1976-12-21,2.27
1976-12-22,2.28
1976-12-23,2.27
1976-12-27,2.29
1976-12-28,2.33
1976-12-29,2.35
1976-12-30,2.37
1976-12-31,2.4
1977-01-03,2.44
1977-01-04,2.41
1977-01-05,2.33
1977-01-06,2.3
1977-01-07,2.3
1977-01-10,2.3
1977-01-11,2.24
1977-01-12,2.21
1977-01-13,2.24
1977-01-14,2.28
1977-01-17,2.29
1977-01-18,2.32
1977-01-19,2.33
1977-01-20,2.29
1977-01-21,2.3
1977-01-24,2.33
1977-01-25,2.34
1977-01-26,2.32
1977-01-27,2.31
1977-01-28,2.31
1977-01-31,2.32
1977-02-01,2.29
1977-02-02,2.27
1977-02-03,2.26
1977-02-04,2.23
1977-02-07,2.16
1977-02-08,2.1
1977-02-09,2.14
1977-02-10,2.15
1977-02-11,2.16
1977-02-14,2.19
1977-02-15,2.2
1977-02-16,2.23
1977-02-17,2.23
1977-02-18,2.23
1977-02-22,2.21
1977-02-23,2.23
1977-02-24,2.24
1977-02-25,2.23
1977-02-28,2.26
1977-03-01,2.26
1977-03-02,2.23
1977-03-03,2.26
1977-03-04,2.26
1977-03-07,2.27
1977-03-08,2.25
1977-03-09,2.23
1977-03-10,2.25
1977-03-11,2.24
1977-03-14,2.3
1977-03-15,2.3
1977-03-16,2.32
1977-03-17,2.33
1977-03-18,2.35
1977-03-21,2.43
1977-03-22,2.4
1977-03-23,2.39
1977-03-24,2.37
1977-03-25,2.34
1977-03-28,2.32
1977-03-29,2.32
1977-03-30,2.32
1977-03-31,2.24
1977-04-01,2.25
1977-04-04,2.21
1977-04-05,2.19
1977-04-06,2.21
1977-04-07,2.22
1977-04-11,2.22
1977-04-12,2.25
1977-04-13,2.27
1977-04-14,2.32
1977-04-15,2.32
1977-04-18,2.35
1977-04-19,2.33
1977-04-20,2.34
1977-04-21,2.37
1977-04-22,2.4
1977-04-25,2.39
1977-04-26,2.4
1977-04-27,2.41
1977-04-28,2.38
1977-04-29,2.43
1977-05-02,2.43
1977-05-03,2.41
1977-05-04,2.47
1977-05-05,2.44
1977-05-06,2.46
1977-05-09,2.44
1977-05-10,2.44
1977-05-11,2.44
1977-05-12,2.46
1977-05-13,2.46
1977-05-16,2.48
1977-05-17,2.48
1977-05-18,2.47
1977-05-19,2.49
1977-05-20,2.47
1977-05-23,2.43
1977-05-24,2.38
1977-05-25,2.34
1977-05-26,2.33
1977-05-27,2.31
1977-05-31,2.31
1977-06-01,2.31
1977-06-02,2.29
1977-06-03,2.3
1977-06-06,2.3
1977-06-07,2.32
1977-06-08,2.34
1977-06-09,2.37
1977-06-10,2.43
1977-06-13,2.44
1977-06-14,2.45
1977-06-15,2.44
1977-06-16,2.44
1977-06-17,2.43
1977-06-20,2.43
1977-06-21,2.43
1977-06-22,2.41
1977-06-23,2.41
1977-06-24,2.38
1977-06-27,2.37
1977-06-28,2.37
1977-06-29,2.37
1977-06-30,2.37
1977-07-01,2.38
1977-07-05,2.37
1977-07-06,2.37
1977-07-07,2.37
1977-07-08,2.39
1977-07-11,2.3
1977-07-12,2.26
1977-07-13,2.19
1977-07-15,2.2
1977-07-18,2.16
1977-07-19,2.2
1977-07-20,2.25
1977-07-21,2.24
1977-07-22,2.21
1977-07-25,2.22
1977-07-26,2.19
1977-07-27,2.16
1977-07-28,2.09
1977-07-29,2.07
1977-08-01,2.04
1977-08-02,2.03
1977-08-03,2.05
1977-08-04,2.08
1977-08-05,2.1
1977-08-08,2.05
1977-08-09,2.03
1977-08-10,2.08
1977-08-11,2.03
1977-08-12,1.98
1977-08-15,1.95
1977-08-16,1.98
1977-08-17,1.98
1977-08-18,1.98
1977-08-19,1.91
1977-08-22,1.94
1977-08-23,1.98
1977-08-24,1.98
1977-08-25,1.98
1977-08-26,2.0
1977-08-29,2.06
1977-08-30,2.0
1977-08-31,2.0
1977-09-01,2.07
1977-09-02,2.05
1977-09-06,2.06
1977-09-07,2.08
1977-09-08,2.02
1977-09-09,1.91
1977-09-12,1.89
1977-09-13,1.86
1977-09-14,1.89
1977-09-15,1.88
1977-09-16,1.83
1977-09-19,1.78
1977-09-20,1.73
1977-09-21,1.75
1977-09-22,1.75
1977-09-23,1.76
1977-09-26,1.75
1977-09-27,1.77
1977-09-28,1.78
1977-09-29,1.8
1977-09-30,1.86
1977-10-03,1.87
1977-10-04,1.85
1977-10-05,1.86
1977-10-06,1.85
1977-10-07,1.88
1977-10-10,1.86
1977-10-11,1.85
1977-10-12,1.84
1977-10-13,1.79
1977-10-14,1.8
1977-10-17,1.8
1977-10-18,1.8
1977-10-19,1.77
1977-10-20,1.78
1977-10-21,1.75
1977-10-24,1.72
1977-10-25,1.73
1977-10-26,1.78
1977-10-27,1.77
1977-10-28,1.75
1977-10-31,1.73
1977-11-01,1.69
1977-11-02,1.67
1977-11-03,1.67
1977-11-04,1.67
1977-11-07,1.71
1977-11-08,1.73
1977-11-09,1.76
1977-11-10,1.77
1977-11-11,1.82
1977-11-14,1.84
1977-11-15,1.86
1977-11-16,1.84
1977-11-17,1.81
1977-11-18,1.77
1977-11-21,1.76
1977-11-22,1.78
1977-11-23,1.79
1977-11-25,1.8
1977-11-28,1.8
1977-11-29,1.79
1977-11-30,1.77
1977-12-01,1.75
1977-12-02,1.69
1977-12-05,1.68
1977-12-06,1.62
1977-12-07,1.63
1977-12-08,1.66
1977-12-09,1.68
1977-12-12,1.68
1977-12-13,1.67
1977-12-14,1.67
1977-12-15,1.65
1977-12-16,1.62
1977-12-19,1.64
1977-12-20,1.66
1977-12-21,1.67
1977-12-22,1.69
1977-12-23,1.73
1977-12-27,1.68
1977-12-28,1.69
1977-12-29,1.66
1977-12-30,1.69
1978-01-03,1.66
1978-01-04,1.68
1978-01-05,1.68
1978-01-06,1.68
1978-01-09,1.65
1978-01-10,1.67
1978-01-11,1.66
1978-01-12,1.65
1978-01-13,1.67
1978-01-16,1.66
1978-01-17,1.65
1978-01-18,1.65
1978-01-19,1.65
1978-01-20,1.65
1978-01-23,1.63
1978-01-24,1.63
1978-01-25,1.63
1978-01-26,1.53
1978-01-27,1.52
1978-01-30,1.52
1978-01-31,1.49
1978-02-01,1.53
1978-02-02,1.51
1978-02-03,1.51
1978-02-06,1.52
1978-02-07,1.52
1978-02-08,1.56
1978-02-09,1.55
1978-02-10,1.56
1978-02-13,1.55
1978-02-14,1.53
1978-02-15,1.48
1978-02-16,1.46
1978-02-17,1.47
1978-02-21,1.48
1978-02-22,1.49
1978-02-23,1.48
1978-02-24,1.5
1978-02-27,1.49
1978-02-28,1.5
1978-03-01,1.48
1978-03-02,1.53
1978-03-03,1.55
1978-03-06,1.55
1978-03-07,1.55
1978-03-08,1.55
1978-03-09,1.55
1978-03-10,1.56
1978-03-13,1.59
1978-03-14,1.61
1978-03-15,1.59
1978-03-16,1.58
1978-03-17,1.6
1978-03-20,1.63
1978-03-21,1.61
1978-03-22,1.61
1978-03-23,1.63
1978-03-27,1.61
1978-03-28,1.61
1978-03-29,1.61
1978-03-30,1.6
1978-03-31,1.62
1978-04-03,1.6
1978-04-04,1.62
1978-04-05,1.62
1978-04-06,1.63
1978-04-07,1.64
1978-04-10,1.63
1978-04-11,1.62
1978-04-12,1.6
1978-04-13,1.61
1978-04-14,1.63
1978-04-17,1.71
1978-04-18,1.7
1978-04-19,1.71
1978-04-20,1.75
1978-04-21,1.74
1978-04-24,1.77
1978-04-25,1.73
1978-04-26,1.73
1978-04-27,1.73
1978-04-28,1.74
1978-05-01,1.73
1978-05-02,1.7
1978-05-03,1.7
1978-05-04,1.73
1978-05-05,1.73
1978-05-08,1.73
1978-05-09,1.73
1978-05-10,1.73
1978-05-11,1.74
1978-05-12,1.75
1978-05-15,1.83
1978-05-16,1.9
1978-05-17,1.92
1978-05-18,1.88
1978-05-19,1.9
1978-05-22,1.91
1978-05-23,1.9
1978-05-24,1.84
1978-05-25,1.85
1978-05-26,1.8
1978-05-30,1.8
1978-05-31,1.81
1978-06-01,1.83
1978-06-02,1.84
1978-06-05,1.86
1978-06-06,1.87
1978-06-07,1.88
1978-06-08,1.88
1978-06-09,1.87
1978-06-12,1.88
1978-06-13,1.86
1978-06-14,1.86
1978-06-15,1.81
1978-06-16,1.8
1978-06-19,1.75
1978-06-20,1.69
1978-06-21,1.66
1978-06-22,1.69
1978-06-23,1.68
1978-06-26,1.68
1978-06-27,1.69
1978-06-28,1.7
1978-06-29,1.7
1978-06-30,1.68
1978-07-03,1.67
1978-07-05,1.58
1978-07-06,1.59
1978-07-07,1.59
1978-07-10,1.61
1978-07-11,1.64
1978-07-12,1.65
1978-07-13,1.65
1978-07-14,1.67
1978-07-17,1.71
1978-07-18,1.66
1978-07-19,1.67
1978-07-20,1.69
1978-07-21,1.71
1978-07-24,1.73
1978-07-25,1.73
1978-07-26,1.73
1978-07-27,1.77
1978-07-28,1.77
1978-07-31,1.79
1978-08-01,1.8
1978-08-02,1.77
1978-08-03,1.78
1978-08-04,1.74
1978-08-07,1.73
1978-08-08,1.75
1978-08-09,1.75
1978-08-10,1.74
1978-08-11,1.76
1978-08-14,1.74
1978-08-15,1.74
1978-08-16,1.76
1978-08-17,1.79
1978-08-18,1.84
1978-08-21,1.81
1978-08-22,1.82
1978-08-23,1.83
1978-08-24,1.88
1978-08-25,1.88
1978-08-28,1.85
1978-08-29,1.86
1978-08-30,1.85
1978-08-31,1.8
1978-09-01,1.81
1978-09-05,1.81
1978-09-06,1.83
1978-09-07,1.83
1978-09-08,1.86
1978-09-11,1.89
1978-09-12,1.97
1978-09-13,1.92
1978-09-14,1.91
1978-09-15,1.89
1978-09-18,1.84
1978-09-19,1.82
1978-09-20,1.83
1978-09-21,1.82
1978-09-22,1.8
1978-09-25,1.83
1978-09-26,1.82
1978-09-27,1.83
1978-09-28,1.83
1978-09-29,1.87
1978-10-02,1.84
1978-10-03,1.84
1978-10-04,1.86
1978-10-05,1.84
1978-10-06,1.87
1978-10-09,1.88
1978-10-10,1.9
1978-10-11,1.9
1978-10-12,1.91
1978-10-13,1.91
1978-10-16,1.91
1978-10-17,1.83
1978-10-18,1.79
1978-10-19,1.77
1978-10-20,1.72
1978-10-23,1.73
1978-10-24,1.75
1978-10-25,1.7
1978-10-26,1.7
1978-10-27,1.69
1978-10-30,1.65
1978-10-31,1.63
1978-11-01,1.72
1978-11-02,1.69
1978-11-03,1.65
1978-11-06,1.61
1978-11-07,1.63
1978-11-08,1.63
1978-11-09,1.63
1978-11-10,1.63
1978-11-13,1.64
1978-11-14,1.63
1978-11-15,1.6
1978-11-16,1.58
1978-11-17,1.56
1978-11-20,1.57
1978-11-21,1.55
1978-11-22,1.55
1978-11-24,1.56
1978-11-27,1.56
1978-11-28,1.56
1978-11-29,1.55
1978-11-30,1.56
1978-12-01,1.58
1978-12-04,1.57
1978-12-05,1.55
1978-12-06,1.55
1978-12-07,1.55
1978-12-08,1.52
1978-12-11,1.53
1978-12-12,1.54
1978-12-13,1.54
1978-12-14,1.52
1978-12-15,1.49
1978-12-18,1.45
1978-12-19,1.48
1978-12-20,1.5
1978-12-21,1.5
1978-12-22,1.51
1978-12-26,1.52
1978-12-27,1.48
1978-12-28,1.48
1978-12-29,1.5
1979-01-02,1.52
1979-01-03,1.55
1979-01-04,1.55
1979-01-05,1.59
1979-01-08,1.6
1979-01-09,1.64
1979-01-10,1.63
1979-01-11,1.63
1979-01-12,1.66
1979-01-15,1.66
1979-01-16,1.66
1979-01-17,1.68
1979-01-18,1.69
1979-01-19,1.69
1979-01-22,1.69
1979-01-23,1.7
1979-01-24,1.69
1979-01-25,1.7
1979-01-26,1.72
1979-01-29,1.73
1979-01-30,1.73
1979-01-31,1.71
1979-02-01,1.7
1979-02-02,1.69
1979-02-05,1.69
1979-02-06,1.69
1979-02-07,1.66
1979-02-08,1.67
1979-02-09,1.69
1979-02-12,1.7
1979-02-13,1.69
1979-02-14,1.7
1979-02-15,1.7
1979-02-16,1.69
1979-02-20,1.7
1979-02-21,1.7
1979-02-22,1.69
1979-02-23,1.69
1979-02-26,1.69
1979-02-27,1.62
1979-02-28,1.64
1979-03-01,1.63
1979-03-02,1.64
1979-03-05,1.67
1979-03-06,1.63
1979-03-07,1.66
1979-03-08,1.67
1979-03-09,1.65
1979-03-12,1.63
1979-03-13,1.66
1979-03-14,1.66
1979-03-15,1.65
1979-03-16,1.65
1979-03-19,1.65
1979-03-20,1.65
1979-03-21,1.68
1979-03-22,1.71
1979-03-23,1.71
1979-03-26,1.7
1979-03-27,1.75
1979-03-28,1.77
1979-03-29,1.74
1979-03-30,1.74
1979-04-02,1.72
1979-04-03,1.74
1979-04-04,1.74
1979-04-05,1.73
1979-04-06,1.74
1979-04-09,1.73
1979-04-10,1.76
1979-04-11,1.74
1979-04-12,1.73
1979-04-16,1.77
1979-04-17,1.77
1979-04-18,1.73
1979-04-19,1.74
1979-04-20,1.72
1979-04-23,1.77
1979-04-24,1.77
1979-04-25,1.8
1979-04-26,1.8
1979-04-27,1.77
1979-04-30,1.8
1979-05-01,1.78
1979-05-02,1.73
1979-05-03,1.74
1979-05-04,1.7
1979-05-07,1.67
1979-05-08,1.66
1979-05-09,1.67
1979-05-10,1.64
1979-05-11,1.65
1979-05-14,1.64
1979-05-15,1.63
1979-05-16,1.64
1979-05-17,1.71
1979-05-18,1.71
1979-05-21,1.71
1979-05-22,1.73
1979-05-23,1.74
1979-05-24,1.74
1979-05-25,1.73
1979-05-29,1.73
1979-05-30,1.75
1979-05-31,1.76
1979-06-01,1.75
1979-06-04,1.76
1979-06-05,1.76
1979-06-06,1.77
1979-06-07,1.79
1979-06-08,1.8
1979-06-11,1.77
1979-06-12,1.79
1979-06-13,1.8
1979-06-14,1.78
1979-06-15,1.81
1979-06-18,1.8
1979-06-19,1.78
1979-06-20,1.77
1979-06-21,1.78
1979-06-22,1.8
1979-06-25,1.81
1979-06-26,1.8
1979-06-27,1.8
1979-06-28,1.79
1979-06-29,1.77
1979-07-02,1.72
1979-07-03,1.73
1979-07-05,1.77
1979-07-06,1.83
1979-07-09,1.87
1979-07-10,1.89
1979-07-11,1.86
1979-07-12,1.88
1979-07-13,1.86
1979-07-16,1.88
1979-07-17,1.89
1979-07-18,1.88
1979-07-19,1.87
1979-07-20,1.87
1979-07-23,1.91
1979-07-24,1.89
1979-07-25,1.91
1979-07-26,1.9
1979-07-27,1.91
1979-07-30,1.91
1979-07-31,1.95
1979-08-01,1.95
1979-08-02,1.95
1979-08-03,1.98
1979-08-06,1.95
1979-08-07,1.97
1979-08-08,1.99
1979-08-09,1.97
1979-08-10,1.99
1979-08-13,2.02
1979-08-14,2.02
1979-08-15,2.04
1979-08-16,2.02
1979-08-17,2.02
1979-08-20,2.0
1979-08-21,1.96
1979-08-22,2.02
1979-08-23,2.02
1979-08-24,2.02
1979-08-27,2.04
1979-08-28,2.01
1979-08-29,2.0
1979-08-30,2.0
1979-08-31,2.01
1979-09-04,1.98
1979-09-05,1.98
1979-09-06,1.99
1979-09-07,1.99
1979-09-10,1.98
1979-09-11,1.99
1979-09-12,2.0
1979-09-13,2.0
1979-09-14,2.0
1979-09-17,2.0
1979-09-18,2.02
1979-09-19,2.0
1979-09-20,2.02
1979-09-21,2.04
1979-09-24,2.04
1979-09-25,2.02
1979-09-26,2.06
1979-09-27,2.09
1979-09-28,2.11
1979-10-01,2.09
1979-10-02,2.09
1979-10-03,2.1
1979-10-04,2.09
1979-10-05,2.13
1979-10-08,2.11
1979-10-09,2.02
1979-10-10,1.95
1979-10-11,1.97
1979-10-12,1.94
1979-10-15,1.95
1979-10-16,1.95
1979-10-17,1.95
1979-10-18,1.95
1979-10-19,1.95
1979-10-22,1.88
1979-10-23,1.88
1979-10-24,1.86
1979-10-25,1.86
1979-10-26,1.88
1979-10-29,1.91
1979-10-30,1.92
1979-10-31,1.92
1979-11-01,1.93
1979-11-02,1.9
1979-11-05,1.89
1979-11-06,1.89
1979-11-07,1.8
1979-11-08,1.8
1979-11-09,1.84
1979-11-12,1.88
1979-11-13,1.86
1979-11-14,1.84
1979-11-15,1.86
1979-11-16,1.84
1979-11-19,1.84
1979-11-20,1.8
1979-11-21,1.83
1979-11-23,1.81
1979-11-26,1.87
1979-11-27,1.88
1979-11-28,1.9
1979-11-29,1.91
1979-11-30,1.86
1979-12-03,1.85
1979-12-04,1.88
1979-12-05,1.87
1979-12-06,1.87
1979-12-07,1.88
1979-12-10,1.85
1979-12-11,1.84
1979-12-12,1.87
1979-12-13,1.86
1979-12-14,1.87
1979-12-17,1.87
1979-12-18,1.85
1979-12-19,1.8
1979-12-20,1.81
1979-12-21,1.81
1979-12-24,1.8
1979-12-26,1.79
1979-12-27,1.78
1979-12-28,1.79
1979-12-31,1.8
1980-01-02,1.8
1980-01-03,1.79
1980-01-04,1.8
1980-01-07,1.8
1980-01-08,1.8
1980-01-09,1.85
1980-01-10,1.81
1980-01-11,1.82
1980-01-14,1.84
1980-01-15,1.87
1980-01-16,1.95
1980-01-17,1.95
1980-01-18,1.98
1980-01-21,1.96
1980-01-22,1.98
1980-01-23,1.98
1980-01-24,2.0
1980-01-25,2.0
1980-01-28,2.0
1980-01-29,2.02
1980-01-30,2.02
1980-01-31,2.08
1980-02-01,2.09
1980-02-04,2.08
1980-02-05,2.06
1980-02-06,2.04
1980-02-07,2.02
1980-02-08,2.02
1980-02-11,2.0
1980-02-12,2.02
1980-02-13,2.06
1980-02-14,2.03
1980-02-15,2.0
1980-02-19,1.98
1980-02-20,1.96
1980-02-21,1.97
1980-02-22,1.94
1980-02-25,1.88
1980-02-26,1.83
1980-02-27,1.85
1980-02-28,1.86
1980-02-29,1.83
1980-03-03,1.82
1980-03-04,1.79
1980-03-05,1.77
1980-03-06,1.78
1980-03-07,1.76
1980-03-10,1.75
1980-03-11,1.8
1980-03-12,1.77
1980-03-13,1.77
1980-03-14,1.73
1980-03-17,1.69
1980-03-18,1.66
1980-03-19,1.68
1980-03-20,1.69
1980-03-21,1.66
1980-03-24,1.68
1980-03-25,1.66
1980-03-26,1.66
1980-03-27,1.65
1980-03-28,1.66
1980-03-31,1.8
1980-04-01,1.77
1980-04-02,1.71
1980-04-03,1.72
1980-04-07,1.7
1980-04-08,1.71
1980-04-09,1.69
1980-04-10,1.69
1980-04-11,1.73
1980-04-14,1.73
1980-04-15,1.73
1980-04-16,1.73
1980-04-17,1.73
1980-04-18,1.74
1980-04-21,1.73
1980-04-22,1.77
1980-04-23,1.77
1980-04-24,1.79
1980-04-25,1.8
1980-04-28,1.78
1980-04-29,1.81
1980-04-30,1.84
1980-05-01,1.86
1980-05-02,1.95
1980-05-05,1.93
1980-05-06,1.88
1980-05-07,1.89
1980-05-08,1.9
1980-05-09,1.87
1980-05-12,1.87
1980-05-13,1.88
1980-05-14,1.88
1980-05-15,1.86
1980-05-16,1.77
1980-05-19,1.79
1980-05-20,1.84
1980-05-21,1.84
1980-05-22,1.83
1980-05-23,1.83
1980-05-27,1.83
1980-05-28,1.87
1980-05-29,1.85
1980-05-30,1.89
1980-06-02,1.89
1980-06-03,1.92
1980-06-04,1.93
1980-06-05,1.97
1980-06-06,1.94
1980-06-09,1.94
1980-06-10,1.99
1980-06-11,1.99
1980-06-12,1.97
1980-06-13,1.98
1980-06-16,1.98
1980-06-17,1.95
1980-06-18,1.96
1980-06-19,1.94
1980-06-20,1.95
1980-06-23,1.94
1980-06-24,1.94
1980-06-25,1.96
1980-06-26,1.94
1980-06-27,1.94
1980-06-30,1.88
1980-07-01,1.89
1980-07-02,1.88
1980-07-03,1.9
1980-07-07,1.92
1980-07-08,1.95
1980-07-09,1.99
1980-07-10,2.0
1980-07-11,2.02
1980-07-14,2.05
1980-07-15,2.07
1980-07-16,2.07
1980-07-17,2.08
1980-07-18,2.13
1980-07-21,2.16
1980-07-22,2.15
1980-07-23,2.13
1980-07-24,2.14
1980-07-25,2.13
1980-07-28,2.14
1980-07-29,2.17
1980-07-30,2.2
1980-07-31,2.21
1980-08-01,2.23
1980-08-04,2.27
1980-08-05,2.25
1980-08-06,2.29
1980-08-07,2.26
1980-08-08,2.27
1980-08-11,2.26
1980-08-12,2.27
1980-08-13,2.27
1980-08-14,2.27
1980-08-15,2.26
1980-08-18,2.2
1980-08-19,2.18
1980-08-20,2.2
1980-08-21,2.27
1980-08-22,2.27
1980-08-25,2.25
1980-08-26,2.27
1980-08-27,2.22
1980-08-28,2.17
1980-08-29,2.17
1980-09-02,2.19
1980-09-03,2.25
1980-09-04,2.25
1980-09-05,2.26
1980-09-08,2.24
1980-09-09,2.24
1980-09-10,2.23
1980-09-11,2.25
1980-09-12,2.27
1980-09-15,2.25
1980-09-16,2.27
1980-09-17,2.33
1980-09-18,2.34
1980-09-19,2.34
1980-09-22,2.35
1980-09-23,2.35
1980-09-24,2.33
1980-09-25,2.3
1980-09-26,2.29
1980-09-29,2.28
1980-09-30,2.29
1980-10-01,2.26
1980-10-02,2.27
1980-10-03,2.28
1980-10-06,2.27
1980-10-07,2.25
1980-10-08,2.28
1980-10-09,2.27
1980-10-10,2.23
1980-10-13,2.23
1980-10-14,2.2
1980-10-15,2.2
1980-10-16,2.19
1980-10-17,2.19
1980-10-20,2.19
1980-10-21,2.25
1980-10-22,2.23
1980-10-23,2.25
1980-10-24,2.27
1980-10-27,2.25
1980-10-28,2.26
1980-10-29,2.27
1980-10-30,2.27
1980-10-31,2.27
1980-11-03,2.28
1980-11-05,2.28
1980-11-06,2.3
1980-11-07,2.28
1980-11-10,2.27
1980-11-11,2.27
1980-11-12,2.27
1980-11-13,2.27
1980-11-14,2.3
1980-11-17,2.33
1980-11-18,2.34
1980-11-19,2.36
1980-11-20,2.4
1980-11-21,2.36
1980-11-24,2.34
1980-11-25,2.31
1980-11-26,2.2
1980-11-28,2.19
1980-12-01,2.19
1980-12-02,2.2
1980-12-03,2.25
1980-12-04,2.25
1980-12-05,2.24
1980-12-08,2.2
1980-12-09,2.19
1980-12-10,2.2
1980-12-11,2.16
1980-12-12,2.16
1980-12-15,2.12
1980-12-16,2.06
1980-12-17,2.09
1980-12-18,2.07
1980-12-19,2.14
1980-12-22,2.16
1980-12-23,2.16
1980-12-24,2.24
1980-12-26,2.25
1980-12-29,2.27
1980-12-30,2.33
1980-12-31,2.55
1981-01-02,2.55
1981-01-05,2.52
1981-01-06,2.42
1981-01-07,2.36
1981-01-08,2.3
1981-01-09,2.4
1981-01-12,2.53
1981-01-13,2.52
1981-01-14,2.52
1981-01-15,2.52
1981-01-16,2.64
1981-01-19,2.63
1981-01-20,2.66
1981-01-21,2.69
1981-01-22,2.64
1981-01-23,2.63
1981-01-26,2.56
1981-01-27,2.59
1981-01-28,2.63
1981-01-29,2.66
1981-01-30,2.66
1981-02-02,2.59
1981-02-03,2.63
1981-02-04,2.58
1981-02-05,2.63
1981-02-06,2.71
1981-02-09,2.7
1981-02-10,2.7
1981-02-11,2.69
1981-02-12,2.68
1981-02-13,2.64
1981-02-17,2.61
1981-02-18,2.59
1981-02-19,2.55
1981-02-20,2.55
1981-02-23,2.59
1981-02-24,2.63
1981-02-25,2.94
1981-02-26,3.05
1981-02-27,3.16
1981-03-02,3.21
1981-03-03,3.15
1981-03-04,3.13
1981-03-05,3.0
1981-03-06,3.03
1981-03-09,3.06
1981-03-10,2.96
1981-03-11,2.97
1981-03-12,3.08
1981-03-13,3.13
1981-03-16,3.11
1981-03-17,3.16
1981-03-18,3.22
1981-03-19,3.17
1981-03-20,3.2
1981-03-23,3.22
1981-03-24,3.18
1981-03-25,3.45
1981-03-26,3.34
1981-03-27,3.39
1981-03-30,3.28
1981-03-31,3.38
1981-04-01,3.41
1981-04-02,3.36
1981-04-03,3.3
1981-04-06,3.61
1981-04-07,3.55
1981-04-08,3.48
1981-04-09,3.52
1981-04-10,3.56
1981-04-13,3.58
1981-04-14,3.5
1981-04-15,3.49
1981-04-16,3.52
1981-04-20,3.52
1981-04-21,3.3
1981-04-22,3.32
1981-04-23,3.38
1981-04-24,3.41
1981-04-27,3.41
1981-04-28,3.29
1981-04-29,3.18
1981-04-30,3.19
1981-05-01,3.25
1981-05-04,3.2
1981-05-05,3.1
1981-05-06,3.12
1981-05-07,3.19
1981-05-08,3.19
1981-05-11,3.1
1981-05-12,3.08
1981-05-13,3.09
1981-05-14,3.13
1981-05-15,3.14
1981-05-18,3.13
1981-05-19,3.19
1981-05-20,3.4
1981-05-21,3.38
1981-05-22,3.33
1981-05-26,3.33
1981-05-27,3.27
1981-05-28,3.23
1981-05-29,3.2
1981-06-01,3.14
1981-06-02,3.06
1981-06-03,2.96
1981-06-04,2.97
1981-06-05,3.03
1981-06-08,3.03
1981-06-09,3.05
1981-06-10,3.06
1981-06-11,3.16
1981-06-12,3.09
1981-06-15,3.14
1981-06-16,3.11
1981-06-17,3.08
1981-06-18,3.02
1981-06-19,2.95
1981-06-22,2.96
1981-06-23,2.97
1981-06-24,2.94
1981-06-25,2.94
1981-06-26,2.88
1981-06-29,2.91
1981-06-30,2.94
1981-07-01,2.95
1981-07-02,2.94
1981-07-06,2.91
1981-07-07,2.8
1981-07-08,2.77
1981-07-09,2.75
1981-07-10,2.72
1981-07-13,2.7
1981-07-14,2.7
1981-07-15,2.8
1981-07-16,2.84
1981-07-17,2.84
1981-07-20,2.77
1981-07-21,2.74
1981-07-22,2.7
1981-07-23,2.73
1981-07-24,2.75
1981-07-27,2.72
1981-07-28,2.78
1981-07-29,2.8
1981-07-30,2.79
1981-07-31,2.78
1981-08-03,2.8
1981-08-04,2.8
1981-08-05,2.89
1981-08-06,2.88
1981-08-07,2.85
1981-08-10,2.88
1981-08-11,2.95
1981-08-12,2.88
1981-08-13,2.86
1981-08-14,2.91
1981-08-17,2.88
1981-08-18,2.84
1981-08-19,2.86
1981-08-20,2.85
1981-08-21,2.84
1981-08-24,2.85
1981-08-25,2.88
1981-08-26,2.87
1981-08-27,2.87
1981-08-28,2.87
1981-08-31,2.86
1981-09-01,2.87
1981-09-02,2.88
1981-09-03,2.86
1981-09-04,2.81
1981-09-08,2.7
1981-09-09,2.69
1981-09-10,2.73
1981-09-11,2.7
1981-09-14,2.71
1981-09-15,2.7
1981-09-16,2.73
1981-09-17,2.71
1981-09-18,2.64
1981-09-21,2.65
1981-09-22,2.65
1981-09-23,2.61
1981-09-24,2.59
1981-09-25,2.47
1981-09-28,2.55
1981-09-29,2.56
1981-09-30,2.52
1981-10-01,2.49
1981-10-02,2.52
1981-10-05,2.49
1981-10-06,2.44
1981-10-07,2.42
1981-10-08,2.45
1981-10-09,2.44
1981-10-12,2.44
1981-10-13,2.43
1981-10-14,2.42
1981-10-15,2.43
1981-10-16,2.43
1981-10-19,2.45
1981-10-20,2.39
1981-10-21,2.39
1981-10-22,2.34
1981-10-23,2.3
1981-10-26,2.3
1981-10-27,2.35
1981-10-28,2.38
1981-10-29,2.36
1981-10-30,2.39
1981-11-02,2.44
1981-11-03,2.53
1981-11-04,2.51
1981-11-05,2.55
1981-11-06,2.56
1981-11-09,2.57
1981-11-10,2.59
1981-11-11,2.62
1981-11-12,2.61
1981-11-13,2.55
1981-11-16,2.48
1981-11-17,2.49
1981-11-18,2.47
1981-11-19,2.48
1981-11-20,2.5
1981-11-23,2.46
1981-11-24,2.46
1981-11-25,2.45
1981-11-27,2.48
1981-11-30,2.52
1981-12-01,2.48
1981-12-02,2.48
1981-12-03,2.52
1981-12-04,2.52
1981-12-07,2.49
1981-12-08,2.47
1981-12-09,2.48
1981-12-10,2.49
1981-12-11,2.52
1981-12-14,2.45
1981-12-15,2.45
1981-12-16,2.45
1981-12-17,2.44
1981-12-18,2.42
1981-12-21,2.38
1981-12-22,2.38
1981-12-23,2.38
1981-12-24,2.38
1981-12-28,2.31
1981-12-29,2.31
1981-12-30,2.33
1981-12-31,2.36
1982-01-04,2.37
1982-01-05,2.33
1982-01-06,2.33
1982-01-07,2.3
1982-01-08,2.27
1982-01-11,2.19
1982-01-12,2.2
1982-01-13,2.19
1982-01-14,2.18
1982-01-15,2.16
1982-01-18,2.06
1982-01-19,2.05
1982-01-20,2.05
1982-01-21,2.05
1982-01-22,2.03
1982-01-25,2.02
1982-01-26,2.0
1982-01-27,2.01
1982-01-28,2.04
1982-01-29,2.09
1982-02-01,2.05
1982-02-02,2.06
1982-02-03,2.07
1982-02-04,2.08
1982-02-05,2.15
1982-02-08,2.08
1982-02-09,2.04
1982-02-10,2.04
1982-02-11,1.95
1982-02-12,1.98
1982-02-16,1.98
1982-02-17,1.98
1982-02-18,1.98
1982-02-19,1.97
1982-02-22,1.95
1982-02-23,1.96
1982-02-24,1.95
1982-02-25,1.95
1982-02-26,1.96
1982-03-01,1.94
1982-03-02,1.93
1982-03-03,1.91
1982-03-04,1.89
1982-03-05,1.88
1982-03-08,1.84
1982-03-09,1.83
1982-03-10,1.86
1982-03-11,1.94
1982-03-12,1.96
1982-03-15,1.99
1982-03-16,2.01
1982-03-17,2.0
1982-03-18,1.97
1982-03-19,1.97
1982-03-22,1.96
1982-03-23,1.99
1982-03-24,2.02
1982-03-25,1.99
1982-03-26,1.96
1982-03-29,1.98
1982-03-30,1.99
1982-03-31,1.98
1982-04-01,2.0
1982-04-02,2.01
1982-04-05,2.01
1982-04-06,2.02
1982-04-07,2.03
1982-04-08,2.02
1982-04-12,2.02
1982-04-13,2.04
1982-04-14,2.05
1982-04-15,2.01
1982-04-16,2.0
1982-04-19,2.02
1982-04-20,2.02
1982-04-21,2.02
1982-04-22,2.02
1982-04-23,2.05
1982-04-26,2.12
1982-04-27,2.12
1982-04-28,2.13
1982-04-29,2.09
1982-04-30,2.13
1982-05-03,2.16
1982-05-04,2.12
1982-05-05,2.12
1982-05-06,2.11
1982-05-07,2.11
1982-05-10,2.1
1982-05-11,2.13
1982-05-12,2.14
1982-05-13,2.08
1982-05-14,2.11
1982-05-17,2.11
1982-05-18,2.11
1982-05-19,2.13
1982-05-20,2.14
1982-05-21,2.13
1982-05-24,2.1
1982-05-25,2.09
1982-05-26,2.07
1982-05-27,2.07
1982-05-28,2.08
1982-06-01,1.98
1982-06-02,2.03
1982-06-03,2.02
1982-06-04,1.94
1982-06-07,1.92
1982-06-08,1.9
1982-06-09,1.84
1982-06-10,1.87
1982-06-11,1.91
1982-06-14,1.92
1982-06-15,1.92
1982-06-16,1.94
1982-06-17,1.93
1982-06-18,1.92
1982-06-21,1.9
1982-06-22,1.91
1982-06-23,1.95
1982-06-24,1.96
1982-06-25,1.98
1982-06-28,2.0
1982-06-29,2.09
1982-06-30,2.08
1982-07-01,2.09
1982-07-02,2.08
1982-07-06,2.05
1982-07-07,2.0
1982-07-08,2.04
1982-07-09,2.06
1982-07-12,2.06
1982-07-13,2.05
1982-07-14,2.02
1982-07-15,2.03
1982-07-16,2.02
1982-07-19,2.05
1982-07-20,2.09
1982-07-21,2.17
1982-07-22,2.2
1982-07-23,2.19
1982-07-26,2.24
1982-07-27,2.23
1982-07-28,2.14
1982-07-29,2.2
1982-07-30,2.23
1982-08-02,2.27
1982-08-03,2.25
1982-08-04,2.15
1982-08-05,2.12
1982-08-06,2.03
1982-08-09,2.05
1982-08-10,2.08
1982-08-11,2.08
1982-08-12,2.09
1982-08-13,2.11
1982-08-16,2.12
1982-08-17,2.18
1982-08-18,2.3
1982-08-19,2.31
1982-08-20,2.44
1982-08-23,2.42
1982-08-24,2.41
1982-08-25,2.44
1982-08-26,2.45
1982-08-27,2.41
1982-08-30,2.52
1982-08-31,2.53
1982-09-01,2.52
1982-09-02,2.48
1982-09-03,2.54
1982-09-07,2.55
1982-09-08,2.53
1982-09-09,2.53
1982-09-10,2.48
1982-09-13,2.48
1982-09-14,2.48
1982-09-15,2.52
1982-09-16,2.49
1982-09-17,2.47
1982-09-20,2.49
1982-09-21,2.52
1982-09-22,2.59
1982-09-23,2.56
1982-09-24,2.56
1982-09-27,2.55
1982-09-28,2.55
1982-09-29,2.5
1982-09-30,2.46
1982-10-01,2.5
1982-10-04,2.51
1982-10-05,2.52
1982-10-06,2.56
1982-10-07,2.61
1982-10-08,2.59
1982-10-11,2.62
1982-10-12,2.68
1982-10-13,2.83
1982-10-14,2.66
1982-10-15,2.63
1982-10-18,2.73
1982-10-19,2.8
1982-10-20,2.88
1982-10-21,2.97
1982-10-22,3.07
1982-10-25,2.89
1982-10-26,2.92
1982-10-27,3.07
1982-10-28,3.06
1982-10-29,3.01
1982-11-01,3.0
1982-11-02,3.02
1982-11-03,3.16
1982-11-04,3.25
1982-11-05,3.34
1982-11-08,3.27
1982-11-09,3.22
1982-11-10,3.23
1982-11-11,3.16
1982-11-12,3.17
1982-11-15,3.06
1982-11-16,3.06
1982-11-17,3.11
1982-11-18,3.14
1982-11-19,3.11
1982-11-22,3.08
1982-11-23,2.92
1982-11-24,3.04
1982-11-26,3.11
1982-11-29,3.14
1982-11-30,3.14
1982-12-01,3.2
1982-12-02,3.23
1982-12-03,3.22
1982-12-06,3.25
1982-12-07,3.27
1982-12-08,3.22
1982-12-09,3.16
1982-12-10,3.09
1982-12-13,3.0
1982-12-14,3.0
1982-12-15,2.98
1982-12-16,2.95
1982-12-17,3.09
1982-12-20,3.08
1982-12-21,3.11
1982-12-22,3.23
1982-12-23,3.28
1982-12-27,3.21
1982-12-28,3.3
1982-12-29,3.28
1982-12-30,3.27
1982-12-31,3.23
1983-01-03,3.16
1983-01-04,3.22
1983-01-05,3.26
1983-01-06,3.42
1983-01-07,3.57
1983-01-10,3.5
1983-01-11,3.5
1983-01-12,3.36
1983-01-13,3.38
1983-01-14,3.41
1983-01-17,3.39
1983-01-18,3.48
1983-01-19,3.45
1983-01-20,3.36
1983-01-21,3.28
1983-01-24,3.22
1983-01-25,3.22
1983-01-26,3.23
1983-01-27,3.36
1983-01-28,3.41
1983-01-31,3.43
1983-02-01,3.38
1983-02-02,3.38
1983-02-03,3.39
1983-02-04,3.41
1983-02-07,3.42
1983-02-08,3.38
1983-02-09,3.37
1983-02-10,3.41
1983-02-11,3.41
1983-02-14,3.39
1983-02-15,3.34
1983-02-16,3.38
1983-02-17,3.39
1983-02-18,3.38
1983-02-22,3.4
1983-02-23,3.4
1983-02-24,3.56
1983-02-25,3.54
1983-02-28,3.62
1983-03-01,3.69
1983-03-02,3.74
1983-03-03,3.72
1983-03-04,3.7
1983-03-07,3.72
1983-03-08,3.66
1983-03-09,3.67
1983-03-10,3.69
1983-03-11,3.7
1983-03-14,3.73
1983-03-15,3.73
1983-03-16,3.75
1983-03-17,3.81
1983-03-18,3.98
1983-03-21,3.91
1983-03-22,3.94
1983-03-23,3.92
1983-03-24,3.89
1983-03-25,3.88
1983-03-28,3.89
1983-03-29,3.86
1983-03-30,3.82
1983-03-31,3.84
1983-04-04,3.86
1983-04-05,3.86
1983-04-06,3.84
1983-04-07,3.84
1983-04-08,3.77
1983-04-11,3.77
1983-04-12,3.83
1983-04-13,3.91
1983-04-14,3.94
1983-04-15,3.91
1983-04-18,3.93
1983-04-19,3.98
1983-04-20,3.98
1983-04-21,3.95
1983-04-22,3.95
1983-04-25,3.97
1983-04-26,4.0
1983-04-27,4.02
1983-04-28,4.04
1983-04-29,4.09
1983-05-02,4.05
1983-05-03,4.04
1983-05-04,3.99
1983-05-05,3.94
1983-05-06,4.05
1983-05-09,4.05
1983-05-10,4.03
1983-05-11,4.02
1983-05-12,3.98
1983-05-13,3.98
1983-05-16,4.0
1983-05-17,4.02
1983-05-18,4.03
1983-05-19,3.95
1983-05-20,4.01
1983-05-23,4.04
1983-05-24,4.12
1983-05-25,4.11
1983-05-26,4.2
1983-05-27,4.16
1983-05-31,4.09
1983-06-01,4.1
1983-06-02,4.03
1983-06-03,4.03
1983-06-06,4.07
1983-06-07,4.05
1983-06-08,4.01
1983-06-09,4.01
1983-06-10,4.06
1983-06-13,4.08
1983-06-14,4.11
1983-06-15,4.12
1983-06-16,4.16
1983-06-17,4.13
1983-06-20,4.12
1983-06-21,4.09
1983-06-22,4.09
1983-06-23,4.07
1983-06-24,4.09
1983-06-27,4.08
1983-06-28,4.05
1983-06-29,3.94
1983-06-30,3.97
1983-07-01,4.02
1983-07-05,3.99
1983-07-06,3.98
1983-07-07,3.97
1983-07-08,3.98
1983-07-11,3.98
1983-07-12,3.91
1983-07-13,3.87
1983-07-14,3.92
1983-07-15,3.83
1983-07-18,3.81
1983-07-19,3.81
1983-07-20,3.88
1983-07-21,4.03
1983-07-22,4.13
1983-07-25,4.21
1983-07-26,4.31
1983-07-27,4.2
1983-07-28,4.09
1983-07-29,3.99
1983-08-01,3.91
1983-08-02,3.91
1983-08-03,3.88
1983-08-04,3.71
1983-08-05,3.73
1983-08-08,3.73
1983-08-09,3.67
1983-08-10,3.53
1983-08-11,3.56
1983-08-12,3.63
1983-08-15,3.75
1983-08-16,3.67
1983-08-17,3.73
1983-08-18,3.71
1983-08-19,3.73
1983-08-22,3.74
1983-08-23,3.79
1983-08-24,3.73
1983-08-25,3.8
1983-08-26,3.91
1983-08-29,3.95
1983-08-30,4.0
1983-08-31,3.98
1983-09-01,4.05
1983-09-02,4.13
1983-09-06,4.19
1983-09-07,4.34
1983-09-08,4.36
1983-09-09,4.28
1983-09-12,4.26
1983-09-13,4.19
1983-09-14,4.2
1983-09-15,4.22
1983-09-16,4.09
1983-09-19,4.17
1983-09-20,4.25
1983-09-21,4.47
1983-09-22,4.44
1983-09-23,4.55
1983-09-26,4.48
1983-09-27,4.5
1983-09-28,4.45
1983-09-29,4.34
1983-09-30,4.11
1983-10-03,4.11
1983-10-04,4.23
1983-10-05,4.25
1983-10-06,4.34
1983-10-07,4.61
1983-10-10,4.52
1983-10-11,4.5
1983-10-12,4.56
1983-10-13,4.58
1983-10-14,4.55
1983-10-17,4.55
1983-10-18,4.41
1983-10-19,4.41
1983-10-20,4.47
1983-10-21,4.53
1983-10-24,4.56
1983-10-25,4.55
1983-10-26,4.52
1983-10-27,4.48
1983-10-28,4.5
1983-10-31,4.56
1983-11-01,4.47
1983-11-02,4.55
1983-11-03,4.47
1983-11-04,4.34
1983-11-07,4.28
1983-11-08,4.2
1983-11-09,4.25
1983-11-10,4.2
1983-11-11,4.31
1983-11-14,4.38
1983-11-15,4.34
1983-11-16,4.41
1983-11-17,4.39
1983-11-18,4.39
1983-11-21,4.41
1983-11-22,4.53
1983-11-23,4.58
1983-11-25,4.59
1983-11-28,4.56
1983-11-29,4.44
1983-11-30,4.52
1983-12-01,4.5
1983-12-02,4.55
1983-12-05,4.5
1983-12-06,4.47
1983-12-07,4.44
1983-12-08,4.44
1983-12-09,4.44
1983-12-12,4.39
1983-12-13,4.41
1983-12-14,4.34
1983-12-15,4.27
1983-12-16,4.23
1983-12-19,4.3
1983-12-20,4.3
1983-12-21,4.31
1983-12-22,4.25
1983-12-23,4.22
1983-12-27,4.33
1983-12-28,4.3
1983-12-29,4.44
1983-12-30,4.36
1984-01-03,4.34
1984-01-04,4.34
1984-01-05,4.56
1984-01-06,4.59
1984-01-09,4.67
1984-01-10,4.58
1984-01-11,4.58
1984-01-12,4.5
1984-01-13,4.38
1984-01-16,4.42
1984-01-17,4.42
1984-01-18,4.38
1984-01-19,4.44
1984-01-20,4.45
1984-01-23,4.3
1984-01-24,4.22
1984-01-25,4.22
1984-01-26,4.16
1984-01-27,4.13
1984-01-30,4.0
1984-01-31,4.0
1984-02-01,3.97
1984-02-02,3.88
1984-02-03,3.94
1984-02-06,3.94
1984-02-07,3.95
1984-02-08,3.94
1984-02-09,3.84
1984-02-10,3.78
1984-02-13,3.77
1984-02-14,3.75
1984-02-15,3.63
1984-02-16,3.63
1984-02-17,3.47
1984-02-21,3.48
1984-02-22,3.58
1984-02-23,3.55
1984-02-24,3.59
1984-02-27,3.78
1984-02-28,3.66
1984-02-29,3.73
1984-03-01,3.78
1984-03-02,3.78
1984-03-05,3.72
1984-03-06,3.77
1984-03-07,3.75
1984-03-08,3.72
1984-03-09,3.66
1984-03-12,3.75
1984-03-13,3.81
1984-03-14,3.81
1984-03-15,3.81
1984-03-16,3.92
1984-03-19,3.86
1984-03-20,3.86
1984-03-21,3.88
1984-03-22,3.83
1984-03-23,3.78
1984-03-26,3.8
1984-03-27,3.8
1984-03-28,3.81
1984-03-29,3.8
1984-03-30,3.8
1984-04-02,3.64
1984-04-03,3.69
1984-04-04,3.7
1984-04-05,3.7
1984-04-06,3.66
1984-04-09,3.52
1984-04-10,3.45
1984-04-11,3.44
1984-04-12,3.55
1984-04-13,3.48
1984-04-16,3.47
1984-04-17,3.5
1984-04-18,3.52
1984-04-19,3.56
1984-04-23,3.56
1984-04-24,3.5
1984-04-25,3.56
1984-04-26,3.7
1984-04-27,3.75
1984-04-30,3.78
1984-05-01,3.84
1984-05-02,3.86
1984-05-03,3.83
1984-05-04,3.66
1984-05-07,3.75
1984-05-08,3.81
1984-05-09,3.78
1984-05-10,3.78
1984-05-11,3.7
1984-05-14,3.63
1984-05-15,3.58
1984-05-16,3.56
1984-05-17,3.47
1984-05-18,3.42
1984-05-21,3.42
1984-05-22,3.34
1984-05-23,3.39
1984-05-24,3.34
1984-05-25,3.31
1984-05-29,3.25
1984-05-30,3.16
1984-05-31,3.13
1984-06-01,3.2
1984-06-04,3.38
1984-06-05,3.34
1984-06-06,3.47
1984-06-07,3.52
1984-06-08,3.53
1984-06-11,3.53
1984-06-12,3.5
1984-06-13,3.52
1984-06-14,3.45
1984-06-15,3.41
1984-06-18,3.47
1984-06-19,3.48
1984-06-20,3.47
1984-06-21,3.45
1984-06-22,3.45
1984-06-25,3.47
1984-06-26,3.47
1984-06-27,3.44
1984-06-28,3.44
1984-06-29,3.48
1984-07-02,3.48
1984-07-03,3.56
1984-07-05,3.55
1984-07-06,3.55
1984-07-09,3.63
1984-07-10,3.72
1984-07-11,3.69
1984-07-12,3.63
1984-07-13,3.61
1984-07-16,3.63
1984-07-17,3.66
1984-07-18,3.63
1984-07-19,3.5
1984-07-20,3.59
1984-07-23,3.55
1984-07-24,3.55
1984-07-25,3.55
1984-07-26,3.53
1984-07-27,3.53
1984-07-30,3.5
1984-07-31,3.45
1984-08-01,3.63
1984-08-02,3.75
1984-08-03,3.88
1984-08-06,3.94
1984-08-07,3.98
1984-08-08,3.94
1984-08-09,4.11
1984-08-10,4.19
1984-08-13,4.08
1984-08-14,4.09
1984-08-15,4.08
1984-08-16,4.09
1984-08-17,4.11
1984-08-20,4.19
1984-08-21,4.23
1984-08-22,4.22
1984-08-23,4.19
1984-08-24,4.3
1984-08-27,4.28
1984-08-28,4.23
1984-08-29,4.19
1984-08-30,4.16
1984-08-31,4.19
1984-09-04,4.17
1984-09-05,4.14
1984-09-06,4.19
1984-09-07,4.19
1984-09-10,4.19
1984-09-11,4.25
1984-09-12,4.22
1984-09-13,4.34
1984-09-14,4.34
1984-09-17,4.41
1984-09-18,4.48
1984-09-19,4.44
1984-09-20,4.47
1984-09-21,4.44
1984-09-24,4.47
1984-09-25,4.42
1984-09-26,4.36
1984-09-27,4.3
1984-09-28,4.22
1984-10-01,4.22
1984-10-02,4.17
1984-10-03,4.03
1984-10-04,4.09
1984-10-05,4.17
1984-10-08,4.11
1984-10-09,4.14
1984-10-10,4.16
1984-10-11,4.22
1984-10-12,4.33
1984-10-15,4.34
1984-10-16,4.22
1984-10-17,4.25
1984-10-18,4.34
1984-10-19,4.42
1984-10-22,4.38
1984-10-23,4.34
1984-10-24,4.39
1984-10-25,4.34
1984-10-26,4.28
1984-10-29,4.25
1984-10-30,4.33
1984-10-31,4.3
1984-11-01,4.13
1984-11-02,4.14
1984-11-05,4.2
1984-11-06,4.3
1984-11-07,4.28
1984-11-08,4.28
1984-11-09,4.28
1984-11-12,4.3
1984-11-13,4.28
1984-11-14,4.31
1984-11-15,4.31
1984-11-16,4.33
1984-11-19,4.31
1984-11-20,4.25
1984-11-21,4.25
1984-11-23,4.25
1984-11-26,4.23
1984-11-27,4.2
1984-11-28,4.14
1984-11-29,4.08
1984-11-30,4.11
1984-12-03,4.08
1984-12-04,4.16
1984-12-05,4.09
1984-12-06,4.14
1984-12-07,4.13
1984-12-10,4.14
1984-12-11,4.14
1984-12-12,4.14
1984-12-13,4.11
1984-12-14,4.09
1984-12-17,4.06
1984-12-18,4.17
1984-12-19,4.16
1984-12-20,4.13
1984-12-21,4.05
1984-12-24,4.11
1984-12-26,4.05
1984-12-27,4.06
1984-12-28,4.05
1984-12-31,4.11
1985-01-02,4.16
1985-01-03,4.16
1985-01-04,4.13
1985-01-07,4.17
1985-01-08,4.19
1985-01-09,4.22
1985-01-10,4.3
1985-01-11,4.28
1985-01-14,4.33
1985-01-15,4.41
1985-01-16,4.52
1985-01-17,4.5
1985-01-18,4.55
1985-01-21,4.72
1985-01-22,4.73
1985-01-23,4.77
1985-01-24,4.73
1985-01-25,4.92
1985-01-28,5.0
1985-01-29,4.97
1985-01-30,4.97
1985-01-31,4.84
1985-02-01,4.78
1985-02-04,4.81
1985-02-05,4.78
1985-02-06,4.7
1985-02-07,4.78
1985-02-08,4.86
1985-02-11,4.8
1985-02-12,4.73
1985-02-13,4.73
1985-02-14,4.69
1985-02-15,4.63
1985-02-19,4.61
1985-02-20,4.59
1985-02-21,4.58
1985-02-22,4.59
1985-02-25,4.61
1985-02-26,4.64
1985-02-27,4.66
1985-02-28,4.72
1985-03-01,4.83
1985-03-04,4.77
1985-03-05,4.75
1985-03-06,4.81
1985-03-07,4.83
1985-03-08,4.91
1985-03-11,4.88
1985-03-12,4.75
1985-03-13,4.7
1985-03-14,4.8
1985-03-15,4.63
1985-03-18,4.67
1985-03-19,4.75
1985-03-20,4.69
1985-03-21,4.67
1985-03-22,4.7
1985-03-25,4.7
1985-03-26,4.72
1985-03-27,4.73
1985-03-28,4.67
1985-03-29,4.66
1985-04-01,4.69
1985-04-02,4.7
1985-04-03,4.75
1985-04-04,4.73
1985-04-08,4.73
1985-04-09,4.72
1985-04-10,4.69
1985-04-11,4.69
1985-04-12,4.66
1985-04-15,4.69
1985-04-16,4.63
1985-04-17,4.48
1985-04-18,4.42
1985-04-19,4.44
1985-04-22,4.41
1985-04-23,4.45
1985-04-24,4.39
1985-04-25,4.44
1985-04-26,4.42
1985-04-29,4.39
1985-04-30,4.36
1985-05-01,4.34
1985-05-02,4.36
1985-05-03,4.39
1985-05-06,4.31
1985-05-07,4.38
1985-05-08,4.34
1985-05-09,4.41
1985-05-10,4.52
1985-05-13,4.5
1985-05-14,4.59
1985-05-15,4.64
1985-05-16,4.75
1985-05-17,4.84
1985-05-20,4.94
1985-05-21,4.95
1985-05-22,4.94
1985-05-23,4.95
1985-05-24,4.92
1985-05-28,4.86
1985-05-29,4.88
1985-05-30,4.88
1985-05-31,4.89
1985-06-03,4.81
1985-06-04,4.92
1985-06-05,5.09
1985-06-06,5.11
1985-06-07,5.16
1985-06-10,5.13
1985-06-11,5.11
1985-06-12,5.09
1985-06-13,5.09
1985-06-14,5.22
1985-06-17,5.25
1985-06-18,5.19
1985-06-19,5.25
1985-06-20,5.28
1985-06-21,5.3
1985-06-24,5.27
1985-06-25,5.2
1985-06-26,5.25
1985-06-27,5.22
1985-06-28,5.23
1985-07-01,5.28
1985-07-02,5.31
1985-07-03,5.41
1985-07-05,5.42
1985-07-08,5.42
1985-07-09,5.39
1985-07-10,5.38
1985-07-11,5.39
1985-07-12,5.45
1985-07-15,5.45
1985-07-16,5.5
1985-07-17,5.67
1985-07-18,5.78
1985-07-19,5.88
1985-07-22,5.78
1985-07-23,5.63
1985-07-24,5.53
1985-07-25,5.56
1985-07-26,5.72
1985-07-29,5.64
1985-07-30,5.64
1985-07-31,5.67
1985-08-01,5.66
1985-08-02,5.69
1985-08-05,5.66
1985-08-06,5.5
1985-08-07,5.5
1985-08-08,5.69
1985-08-09,5.64
1985-08-12,5.63
1985-08-13,5.64
1985-08-14,5.66
1985-08-15,5.53
1985-08-16,5.42
1985-08-19,5.45
1985-08-20,5.55
1985-08-21,5.56
1985-08-22,5.5
1985-08-23,5.48
1985-08-26,5.5
1985-08-27,5.56
1985-08-28,5.5
1985-08-29,5.53
1985-08-30,5.53
1985-09-03,5.69
1985-09-04,5.67
1985-09-05,5.58
1985-09-06,5.55
1985-09-09,5.5
1985-09-10,5.5
1985-09-11,5.39
1985-09-12,5.38
1985-09-13,5.42
1985-09-16,5.52
1985-09-17,5.61
1985-09-18,5.48
1985-09-19,5.48
1985-09-20,5.47
1985-09-23,5.59
1985-09-24,5.61
1985-09-25,5.61
1985-09-26,5.59
1985-09-27,5.61
1985-09-30,5.63
1985-10-01,5.7
1985-10-02,5.59
1985-10-03,5.61
1985-10-04,5.58
1985-10-07,5.41
1985-10-08,5.45
1985-10-09,5.44
1985-10-10,5.44
1985-10-11,5.47
1985-10-14,5.53
1985-10-15,5.59
1985-10-16,5.67
1985-10-17,5.69
1985-10-18,5.58
1985-10-21,5.66
1985-10-22,5.7
1985-10-23,5.67
1985-10-24,5.63
1985-10-25,5.61
1985-10-28,5.61
1985-10-29,5.66
1985-10-30,5.67
1985-10-31,5.69
1985-11-01,5.89
1985-11-04,5.91
1985-11-05,6.02
1985-11-06,6.05
1985-11-07,6.16
1985-11-08,6.09
1985-11-11,6.16
1985-11-12,6.23
1985-11-13,6.14
1985-11-14,6.17
1985-11-15,6.2
1985-11-18,6.3
1985-11-19,6.42
1985-11-20,6.38
1985-11-21,6.38
1985-11-22,6.22
1985-11-25,6.27
1985-11-26,6.16
1985-11-27,6.28
1985-11-29,6.23
1985-12-02,6.2
1985-12-03,6.19
1985-12-04,6.17
1985-12-05,5.94
1985-12-06,5.86
1985-12-09,5.97
1985-12-10,5.95
1985-12-11,5.98
1985-12-12,5.98
1985-12-13,6.2
1985-12-16,6.34
1985-12-17,6.36
1985-12-18,6.34
1985-12-19,6.3
1985-12-20,6.38
1985-12-23,6.36
1985-12-24,6.14
1985-12-26,6.11
1985-12-27,6.19
1985-12-30,6.27
1985-12-31,6.38
1986-01-02,6.33
1986-01-03,6.3
1986-01-06,6.19
1986-01-07,6.13
1986-01-08,5.72
1986-01-09,5.83
1986-01-10,5.78
1986-01-13,5.78
1986-01-14,5.77
1986-01-15,5.91
1986-01-16,5.98
1986-01-17,6.02
1986-01-20,5.97
1986-01-21,5.92
1986-01-22,5.81
1986-01-23,5.83
1986-01-24,5.95
1986-01-27,5.97
1986-01-28,5.95
1986-01-29,6.03
1986-01-30,6.06
1986-01-31,6.14
1986-02-03,6.2
1986-02-04,6.23
1986-02-05,6.31
1986-02-06,6.42
1986-02-07,6.53
1986-02-10,6.7
1986-02-11,6.88
1986-02-12,6.75
1986-02-13,6.88
1986-02-14,6.97
1986-02-18,7.13
1986-02-19,7.17
1986-02-20,7.16
1986-02-21,7.27
1986-02-24,7.3
1986-02-25,7.22
1986-02-26,7.28
1986-02-27,7.33
1986-02-28,7.69
1986-03-03,7.45
1986-03-04,7.53
1986-03-05,7.56
1986-03-06,7.98
1986-03-07,7.91
1986-03-10,7.72
1986-03-11,7.89
1986-03-12,8.03
1986-03-13,8.09
1986-03-14,8.06
1986-03-17,7.98
1986-03-18,7.95
1986-03-19,7.91
1986-03-20,8.06
1986-03-21,8.16
1986-03-24,8.2
1986-03-25,8.11
1986-03-26,8.05
1986-03-27,8.05
1986-03-31,8.08
1986-04-01,8.02
1986-04-02,8.05
1986-04-03,7.97
1986-04-04,7.59
1986-04-07,7.66
1986-04-08,7.75
1986-04-09,7.63
1986-04-10,7.59
1986-04-11,7.63
1986-04-14,7.63
1986-04-15,7.64
1986-04-16,8.25
1986-04-17,8.0
1986-04-18,8.03
1986-04-21,8.08
1986-04-22,8.25
1986-04-23,8.25
1986-04-24,8.2
1986-04-25,8.23
1986-04-28,8.23
1986-04-29,8.09
1986-04-30,8.13
1986-05-01,8.23
1986-05-02,8.2
1986-05-05,8.22
1986-05-06,8.09
1986-05-07,8.23
1986-05-08,8.05
1986-05-09,7.92
1986-05-12,7.8
1986-05-13,7.7
1986-05-14,7.63
1986-05-15,7.47
1986-05-16,7.5
1986-05-19,7.61
1986-05-20,7.73
1986-05-21,7.75
1986-05-22,7.91
1986-05-23,8.02
1986-05-27,7.98
1986-05-28,7.95
1986-05-29,7.94
1986-05-30,7.89
1986-06-02,7.95
1986-06-03,7.95
1986-06-04,8.09
1986-06-05,8.11
1986-06-06,7.92
1986-06-09,7.63
1986-06-10,7.66
1986-06-11,7.72
1986-06-12,7.86
1986-06-13,8.03
1986-06-16,8.06
1986-06-17,7.97
1986-06-18,7.92
1986-06-19,7.78
1986-06-20,7.84
1986-06-23,7.91
1986-06-24,8.06
1986-06-25,8.17
1986-06-26,8.69
1986-06-27,8.59
1986-06-30,8.52
1986-07-01,8.53
1986-07-02,8.47
1986-07-03,8.42
1986-07-07,8.16
1986-07-08,7.94
1986-07-09,7.92
1986-07-10,7.84
1986-07-11,7.88
1986-07-14,7.77
1986-07-15,7.53
1986-07-16,7.52
1986-07-17,7.64
1986-07-18,7.78
1986-07-21,7.72
1986-07-22,7.88
1986-07-23,7.97
1986-07-24,8.06
1986-07-25,8.09
1986-07-28,7.81
1986-07-29,7.78
1986-07-30,7.7
1986-07-31,7.7
1986-08-01,7.59
1986-08-04,7.86
1986-08-05,7.72
1986-08-06,7.56
1986-08-07,7.5
1986-08-08,7.53
1986-08-11,7.86
1986-08-12,7.92
1986-08-13,8.19
1986-08-14,8.23
1986-08-15,8.25
1986-08-18,8.22
1986-08-19,8.17
1986-08-20,8.36
1986-08-21,8.44
1986-08-22,8.38
1986-08-25,8.3
1986-08-26,8.47
1986-08-27,8.53
1986-08-28,8.64
1986-08-29,8.72
1986-09-02,8.47
1986-09-03,8.63
1986-09-04,8.89
1986-09-05,8.67
1986-09-08,8.75
1986-09-09,8.66
1986-09-10,8.81
1986-09-11,8.47
1986-09-12,8.34
1986-09-15,8.44
1986-09-16,8.45
1986-09-17,8.34
1986-09-18,8.36
1986-09-19,8.42
1986-09-22,8.42
1986-09-23,8.55
1986-09-24,8.56
1986-09-25,8.38
1986-09-26,8.31
1986-09-29,8.0
1986-09-30,8.02
1986-10-01,8.13
1986-10-02,8.11
1986-10-03,8.08
1986-10-06,8.06
1986-10-07,8.08
1986-10-08,8.19
1986-10-09,8.22
1986-10-10,8.16
1986-10-13,8.09
1986-10-14,8.22
1986-10-15,8.47
1986-10-16,8.56
1986-10-17,8.61
1986-10-20,8.5
1986-10-21,8.45
1986-10-22,8.56
1986-10-23,8.63
1986-10-24,8.58
1986-10-27,8.56
1986-10-28,8.61
1986-10-29,8.73
1986-10-30,8.7
1986-10-31,8.64
1986-11-03,8.75
1986-11-04,8.67
1986-11-05,8.8
1986-11-06,8.81
1986-11-07,8.84
1986-11-10,8.73
1986-11-11,8.78
1986-11-12,8.72
1986-11-13,8.69
1986-11-14,8.89
1986-11-17,8.75
1986-11-18,8.58
1986-11-19,8.75
1986-11-20,8.73
1986-11-21,8.78
1986-11-24,8.86
1986-11-25,9.06
1986-11-26,9.2
1986-11-28,9.28
1986-12-01,9.23
1986-12-02,9.41
1986-12-03,9.56
1986-12-04,9.47
1986-12-05,9.36
1986-12-08,9.36
1986-12-09,9.22
1986-12-10,9.34
1986-12-11,9.25
1986-12-12,9.19
1986-12-15,9.08
1986-12-16,9.22
1986-12-17,9.28
1986-12-18,9.16
1986-12-19,9.38
1986-12-22,9.22
1986-12-23,9.2
1986-12-24,9.19
1986-12-26,9.17
1986-12-29,9.16
1986-12-30,9.03
1986-12-31,9.11
1987-01-02,9.31
1987-01-05,9.42
1987-01-06,9.42
1987-01-07,9.56
1987-01-08,9.75
1987-01-09,9.81
1987-01-12,10.16
1987-01-13,10.03
1987-01-14,10.08
1987-01-15,10.13
1987-01-16,10.16
1987-01-19,10.13
1987-01-20,10.41
1987-01-21,10.0
1987-01-22,10.31
1987-01-23,10.41
1987-01-26,10.25
1987-01-27,10.42
1987-01-28,10.59
1987-01-29,10.73
1987-01-30,10.88
1987-02-02,11.06
1987-02-03,11.03
1987-02-04,11.06
1987-02-05,10.91
1987-02-06,10.97
1987-02-09,10.88
1987-02-10,10.5
1987-02-11,10.72
1987-02-12,10.56
1987-02-13,10.73
1987-02-17,10.69
1987-02-18,10.91
1987-02-19,10.91
1987-02-20,10.81
1987-02-23,10.64
1987-02-24,10.58
1987-02-25,10.5
1987-02-26,10.58
1987-02-27,10.53
1987-03-02,10.59
1987-03-03,10.63
1987-03-04,10.59
1987-03-05,10.56
1987-03-06,10.64
1987-03-09,10.88
1987-03-10,10.91
1987-03-11,10.92
1987-03-12,10.98
1987-03-13,10.88
1987-03-16,10.72
1987-03-17,11.16
1987-03-18,11.25
1987-03-19,11.47
1987-03-20,11.88
1987-03-23,12.25
1987-03-24,12.0
1987-03-25,12.06
1987-03-26,12.09
1987-03-27,11.53
1987-03-30,11.09
1987-03-31,11.03
1987-04-01,11.31
1987-04-02,11.5
1987-04-03,11.75
1987-04-06,12.03
1987-04-07,11.84
1987-04-08,11.72
1987-04-09,11.28
1987-04-10,11.16
1987-04-13,10.5
1987-04-14,10.22
1987-04-15,10.38
1987-04-16,10.75
1987-04-20,10.5
1987-04-21,10.69
1987-04-22,10.25
1987-04-23,10.06
1987-04-24,9.72
1987-04-27,9.88
1987-04-28,9.88
1987-04-29,10.09
1987-04-30,10.41
1987-05-01,10.59
1987-05-04,10.41
1987-05-05,10.47
1987-05-06,10.69
1987-05-07,10.63
1987-05-08,10.69
1987-05-11,10.66
1987-05-12,10.53
1987-05-13,10.44
1987-05-14,10.31
1987-05-15,10.0
1987-05-18,9.84
1987-05-19,9.47
1987-05-20,9.31
1987-05-21,9.19
1987-05-22,9.31
1987-05-26,9.72
1987-05-27,9.75
1987-05-28,9.66
1987-05-29,9.72
1987-06-01,9.81
1987-06-02,9.97
1987-06-03,10.0
1987-06-04,10.19
1987-06-05,10.13
1987-06-08,10.06
1987-06-09,10.13
1987-06-10,10.22
1987-06-11,10.28
1987-06-12,10.31
1987-06-15,10.44
1987-06-16,10.97
1987-06-17,11.53
1987-06-18,12.0
1987-06-19,11.88
1987-06-22,12.41
1987-06-23,12.5
1987-06-24,12.5
1987-06-25,12.06
1987-06-26,12.13
1987-06-29,12.06
1987-06-30,11.75
1987-07-01,11.5
1987-07-02,11.41
1987-07-06,11.56
1987-07-07,12.06
1987-07-08,12.34
1987-07-09,12.34
1987-07-10,12.34
1987-07-13,12.28
1987-07-14,12.13
1987-07-15,12.06
1987-07-16,12.13
1987-07-17,12.09
1987-07-20,11.94
1987-07-21,11.56
1987-07-22,12.09
1987-07-23,11.88
1987-07-24,11.78
1987-07-27,11.81
1987-07-28,11.78
1987-07-29,11.84
1987-07-30,12.09
1987-07-31,12.41
1987-08-03,12.28
1987-08-04,12.03
1987-08-05,12.06
1987-08-06,12.22
1987-08-07,12.16
1987-08-10,12.28
1987-08-11,12.16
1987-08-12,12.25
1987-08-13,12.44
1987-08-14,12.31
1987-08-17,12.22
1987-08-18,11.91
1987-08-19,11.97
1987-08-20,11.94
1987-08-21,12.09
1987-08-24,11.94
1987-08-25,11.88
1987-08-26,12.0
1987-08-27,12.13
1987-08-28,11.81
1987-08-31,12.16
1987-09-01,12.34
1987-09-02,12.19
1987-09-03,11.72
1987-09-04,11.5
1987-09-08,11.31
1987-09-09,11.06
1987-09-10,11.09
1987-09-11,11.31
1987-09-14,11.41
1987-09-15,11.19
1987-09-16,11.13
1987-09-17,11.47
1987-09-18,11.53
1987-09-21,11.28
1987-09-22,11.41
1987-09-23,11.41
1987-09-24,11.38
1987-09-25,11.38
1987-09-28,11.44
1987-09-29,11.5
1987-09-30,11.31
1987-10-01,11.66
1987-10-02,11.63
1987-10-05,11.72
1987-10-06,11.56
1987-10-07,11.38
1987-10-08,11.22
1987-10-09,11.06
1987-10-12,10.94
1987-10-13,11.19
1987-10-14,10.94
1987-10-15,10.56
1987-10-16,10.0
1987-10-19,7.94
1987-10-20,7.75
1987-10-21,8.88
1987-10-22,8.25
1987-10-23,8.0
1987-10-26,7.44
1987-10-27,7.38
1987-10-28,7.03
1987-10-29,7.34
1987-10-30,7.66
1987-11-02,8.31
1987-11-03,8.5
1987-11-04,8.25
1987-11-05,8.5
1987-11-06,8.25
1987-11-09,7.66
1987-11-10,7.25
1987-11-11,7.66
1987-11-12,8.06
1987-11-13,7.75
1987-11-16,7.97
1987-11-17,8.06
1987-11-18,8.34
1987-11-19,8.31
1987-11-20,8.75
1987-11-23,8.78
1987-11-24,8.88
1987-11-25,8.63
1987-11-27,8.41
1987-11-30,8.0
1987-12-01,8.19
1987-12-02,8.22
1987-12-03,7.78
1987-12-04,7.72
1987-12-07,7.91
1987-12-08,7.94
1987-12-09,8.34
1987-12-10,8.03
1987-12-11,8.31
1987-12-14,8.56
1987-12-15,8.81
1987-12-16,8.81
1987-12-17,8.69
1987-12-18,8.91
1987-12-21,8.75
1987-12-22,8.69
1987-12-23,8.75
1987-12-24,8.69
1987-12-28,8.41
1987-12-29,8.47
1987-12-30,8.44
1987-12-31,8.28
1988-01-04,8.94
1988-01-05,9.0
1988-01-06,9.09
1988-01-07,9.06
1988-01-08,8.19
1988-01-11,8.38
1988-01-12,8.38
1988-01-13,8.25
1988-01-14,8.25
1988-01-15,8.31
1988-01-18,8.31
1988-01-19,8.38
1988-01-20,8.03
1988-01-21,7.88
1988-01-22,8.09
1988-01-25,8.53
1988-01-26,8.41
1988-01-27,8.19
1988-01-28,8.56
1988-01-29,8.56
1988-02-01,8.69
1988-02-02,8.69
1988-02-03,8.56
1988-02-04,8.44
1988-02-05,8.31
1988-02-08,8.41
1988-02-09,8.5
1988-02-10,8.56
1988-02-11,8.66
1988-02-12,8.91
1988-02-16,9.09
1988-02-17,9.25
1988-02-18,9.34
1988-02-19,9.88
1988-02-22,9.97
1988-02-23,9.84
1988-02-24,9.97
1988-02-25,9.75
1988-02-26,9.75
1988-02-29,9.94
1988-03-01,9.84
1988-03-02,9.97
1988-03-03,10.28
1988-03-04,10.13
1988-03-07,10.06
1988-03-08,10.22
1988-03-09,9.97
1988-03-10,9.88
1988-03-11,9.69
1988-03-14,9.69
1988-03-15,9.78
1988-03-16,9.91
1988-03-17,9.94
1988-03-18,10.03
1988-03-21,9.97
1988-03-22,10.13
1988-03-23,9.94
1988-03-24,9.78
1988-03-25,9.63
1988-03-28,9.44
1988-03-29,9.59
1988-03-30,9.66
1988-03-31,9.75
1988-04-04,9.84
1988-04-05,9.88
1988-04-06,10.06
1988-04-07,10.28
1988-04-08,10.56
1988-04-11,10.63
1988-04-12,10.59
1988-04-13,10.56
1988-04-14,9.88
1988-04-15,10.06
1988-04-18,10.03
1988-04-19,9.78
1988-04-20,9.59
1988-04-21,9.91
1988-04-22,10.19
1988-04-25,10.13
1988-04-26,10.59
1988-04-27,10.75
1988-04-28,10.78
1988-04-29,10.72
1988-05-02,10.53
1988-05-03,10.56
1988-05-04,10.41
1988-05-05,10.25
1988-05-06,10.25
1988-05-09,10.22
1988-05-10,10.25
1988-05-11,10.22
1988-05-12,10.31
1988-05-13,10.69
1988-05-16,10.66
1988-05-17,10.63
1988-05-18,10.5
1988-05-19,10.22
1988-05-20,10.38
1988-05-23,10.09
1988-05-24,10.13
1988-05-25,10.13
1988-05-26,10.25
1988-05-27,10.13
1988-05-31,10.22
1988-06-01,10.38
1988-06-02,10.44
1988-06-03,10.63
1988-06-06,10.63
1988-06-07,10.44
1988-06-08,10.75
1988-06-09,10.78
1988-06-10,10.84
1988-06-13,10.91
1988-06-14,11.09
1988-06-15,11.31
1988-06-16,11.13
1988-06-17,11.0
1988-06-20,11.06
1988-06-21,11.19
1988-06-22,11.56
1988-06-23,11.59
1988-06-24,11.53
1988-06-27,11.34
1988-06-28,11.34
1988-06-29,11.22
1988-06-30,11.41
1988-07-01,11.38
1988-07-05,11.47
1988-07-06,11.34
1988-07-07,11.19
1988-07-08,11.22
1988-07-11,11.22
1988-07-12,11.31
1988-07-13,11.31
1988-07-14,11.38
1988-07-15,11.34
1988-07-18,11.22
1988-07-19,11.06
1988-07-20,11.09
1988-07-21,11.03
1988-07-22,10.88
1988-07-25,10.94
1988-07-26,10.91
1988-07-27,10.75
1988-07-28,10.91
1988-07-29,11.22
1988-08-01,11.25
1988-08-02,11.13
1988-08-03,11.16
1988-08-04,11.0
1988-08-05,11.0
1988-08-08,10.91
1988-08-09,10.81
1988-08-10,10.38
1988-08-11,10.22
1988-08-12,10.34
1988-08-15,10.25
1988-08-16,10.25
1988-08-17,10.31
1988-08-18,10.44
1988-08-19,10.41
1988-08-22,10.19
1988-08-23,10.19
1988-08-24,10.38
1988-08-25,10.5
1988-08-26,10.38
1988-08-29,10.56
1988-08-30,10.66
1988-08-31,10.44
1988-09-01,10.47
1988-09-02,10.69
1988-09-06,10.75
1988-09-07,10.78
1988-09-08,10.5
1988-09-09,10.63
1988-09-12,10.56
1988-09-13,10.63
1988-09-14,10.78
1988-09-15,10.84
1988-09-16,10.94
1988-09-19,10.94
1988-09-20,10.94
1988-09-21,10.97
1988-09-22,10.94
1988-09-23,10.88
1988-09-26,10.81
1988-09-27,10.69
1988-09-28,10.69
1988-09-29,10.84
1988-09-30,10.78
1988-10-03,10.94
1988-10-04,10.94
1988-10-05,10.88
1988-10-06,11.0
1988-10-07,11.25
1988-10-10,11.25
1988-10-11,11.25
1988-10-12,11.0
1988-10-13,10.94
1988-10-14,10.91
1988-10-17,10.91
1988-10-18,10.75
1988-10-19,10.5
1988-10-20,10.59
1988-10-21,10.66
1988-10-24,10.44
1988-10-25,10.44
1988-10-26,10.44
1988-10-27,10.41
1988-10-28,10.38
1988-10-31,10.72
1988-11-01,10.56
1988-11-02,10.44
1988-11-03,10.38
1988-11-04,10.06
1988-11-07,9.81
1988-11-08,9.69
1988-11-09,9.59
1988-11-10,9.56
1988-11-11,9.38
1988-11-14,9.41
1988-11-15,9.69
1988-11-16,9.22
1988-11-17,9.19
1988-11-18,9.28
1988-11-21,9.22
1988-11-22,9.28
1988-11-23,9.34
1988-11-25,9.25
1988-11-28,9.22
1988-11-29,9.31
1988-11-30,9.22
1988-12-01,9.38
1988-12-02,9.41
1988-12-05,9.63
1988-12-06,9.66
1988-12-07,9.78
1988-12-08,9.69
1988-12-09,9.78
1988-12-12,9.66
1988-12-13,9.72
1988-12-14,9.69
1988-12-15,9.69
1988-12-16,9.84
1988-12-19,10.03
1988-12-20,9.81
1988-12-21,9.88
1988-12-22,9.94
1988-12-23,10.0
1988-12-27,10.03
1988-12-28,10.03
1988-12-29,10.09
1988-12-30,10.09
1989-01-03,10.03
1989-01-04,10.34
1989-01-05,10.31
1989-01-06,10.53
1989-01-09,10.63
1989-01-10,10.53
1989-01-11,10.53
1989-01-12,10.5
1989-01-13,10.44
1989-01-16,10.56
1989-01-17,10.5
1989-01-18,10.53
1989-01-19,10.38
1989-01-20,10.5
1989-01-23,10.5
1989-01-24,10.63
1989-01-25,10.69
1989-01-26,10.81
1989-01-27,11.0
1989-01-30,11.13
1989-01-31,11.25
1989-02-01,11.16
1989-02-02,11.13
1989-02-03,11.03
1989-02-06,11.09
1989-02-07,11.25
1989-02-08,11.28
1989-02-09,11.06
1989-02-10,10.88
1989-02-13,10.84
1989-02-14,10.81
1989-02-15,10.88
1989-02-16,10.66
1989-02-17,10.81
1989-02-21,10.78
1989-02-22,10.78
1989-02-23,10.72
1989-02-24,10.63
1989-02-27,10.63
1989-02-28,10.69
1989-03-01,10.63
1989-03-02,10.81
1989-03-03,10.91
1989-03-06,10.88
1989-03-07,11.03
1989-03-08,11.06
1989-03-09,10.94
1989-03-10,11.0
1989-03-13,10.97
1989-03-14,10.97
1989-03-15,10.94
1989-03-16,11.06
1989-03-17,10.84
1989-03-20,10.72
1989-03-21,10.69
1989-03-22,10.75
1989-03-23,10.78
1989-03-27,10.81
1989-03-28,10.88
1989-03-29,10.91
1989-03-30,10.94
1989-03-31,10.91
1989-04-03,11.03
1989-04-04,10.97
1989-04-05,10.88
1989-04-06,10.97
1989-04-07,10.94
1989-04-10,10.88
1989-04-11,10.88
1989-04-12,10.84
1989-04-13,10.84
1989-04-14,11.03
1989-04-17,11.03
1989-04-18,10.97
1989-04-19,11.06
1989-04-20,11.13
1989-04-21,11.09
1989-04-24,11.09
1989-04-25,11.03
1989-04-26,10.97
1989-04-27,11.13
1989-04-28,11.09
1989-05-01,11.25
1989-05-02,11.13
1989-05-03,11.28
1989-05-04,11.16
1989-05-05,11.13
1989-05-08,11.03
1989-05-09,11.0
1989-05-10,10.97
1989-05-11,11.0
1989-05-12,11.22
1989-05-15,11.25
1989-05-16,11.31
1989-05-17,11.25
1989-05-18,11.31
1989-05-19,11.38
1989-05-22,11.44
1989-05-23,11.28
1989-05-24,11.19
1989-05-25,11.31
1989-05-26,11.31
1989-05-30,11.25
1989-05-31,11.31
1989-06-01,11.28
1989-06-02,11.38
1989-06-05,11.16
1989-06-06,11.41
1989-06-07,11.34
1989-06-08,11.31
1989-06-09,11.31
1989-06-12,11.34
1989-06-13,11.25
1989-06-14,11.19
1989-06-15,11.16
1989-06-16,11.19
1989-06-19,11.25
1989-06-20,11.22
1989-06-21,11.19
1989-06-22,11.47
1989-06-23,11.38
1989-06-26,11.28
1989-06-27,11.28
1989-06-28,11.25
1989-06-29,11.0
1989-06-30,11.03
1989-07-03,11.03
1989-07-05,10.91
1989-07-06,10.91
1989-07-07,10.97
1989-07-10,10.97
1989-07-11,11.06
1989-07-12,11.19
1989-07-13,11.06
1989-07-14,11.19
1989-07-17,11.06
1989-07-18,10.94
1989-07-19,11.0
1989-07-20,10.81
1989-07-21,11.06
1989-07-24,11.06
1989-07-25,11.22
1989-07-26,11.25
1989-07-27,11.25
1989-07-28,11.25
1989-07-31,11.19
1989-08-01,11.22
1989-08-02,11.25
1989-08-03,11.25
1989-08-04,11.13
1989-08-07,11.16
1989-08-08,11.16
1989-08-09,11.03
1989-08-10,11.19
1989-08-11,11.03
1989-08-14,10.88
1989-08-15,10.81
1989-08-16,10.84
1989-08-17,10.69
1989-08-18,10.75
1989-08-21,10.44
1989-08-22,10.44
1989-08-23,10.47
1989-08-24,10.69
1989-08-25,10.63
1989-08-28,10.75
1989-08-29,10.72
1989-08-30,10.84
1989-08-31,11.0
1989-09-01,11.13
1989-09-05,11.09
1989-09-06,11.13
1989-09-07,11.03
1989-09-08,11.03
1989-09-11,11.06
1989-09-12,11.06
1989-09-13,11.09
1989-09-14,11.06
1989-09-15,11.09
1989-09-18,11.16
1989-09-19,11.38
1989-09-20,11.19
1989-09-21,11.09
1989-09-22,11.03
1989-09-25,11.0
1989-09-26,10.78
1989-09-27,10.81
1989-09-28,10.75
1989-09-29,10.72
1989-10-02,10.56
1989-10-03,10.53
1989-10-04,10.69
1989-10-05,10.66
1989-10-06,10.66
1989-10-09,10.81
1989-10-10,10.94
1989-10-11,10.91
1989-10-12,10.78
1989-10-13,10.19
1989-10-16,10.06
1989-10-17,10.34
1989-10-18,10.34
1989-10-19,10.25
1989-10-20,9.97
1989-10-23,10.06
1989-10-24,10.06
1989-10-25,9.94
1989-10-26,9.88
1989-10-27,9.94
1989-10-30,9.69
1989-10-31,9.84
1989-11-01,9.91
1989-11-02,9.81
1989-11-03,9.75
1989-11-06,9.53
1989-11-07,9.28
1989-11-08,9.41
1989-11-09,9.41
1989-11-10,9.38
1989-11-13,9.38
1989-11-14,9.25
1989-11-15,9.47
1989-11-16,9.59
1989-11-17,9.66
1989-11-20,9.53
1989-11-21,9.53
1989-11-22,9.53
1989-11-24,9.53
1989-11-27,9.72
1989-11-28,9.88
1989-11-29,9.91
1989-11-30,9.88
1989-12-01,9.97
1989-12-04,10.19
1989-12-05,10.13
1989-12-06,10.16
1989-12-07,9.97
1989-12-08,9.97
1989-12-11,9.97
1989-12-12,10.06
1989-12-13,9.97
1989-12-14,9.91
1989-12-15,9.91
1989-12-18,9.69
1989-12-19,9.69
1989-12-20,9.81
1989-12-21,10.0
1989-12-22,9.94
1989-12-26,10.09
1989-12-27,10.19
1989-12-28,9.94
1989-12-29,9.94
1990-01-02,10.09
1990-01-03,10.38
1990-01-04,10.28
1990-01-05,10.16
1990-01-08,10.31
1990-01-09,10.25
1990-01-10,10.16
1990-01-11,10.13
1990-01-12,9.97
1990-01-15,10.0
1990-01-16,10.13
1990-01-17,10.0
1990-01-18,10.16
1990-01-19,9.94
1990-01-22,9.63
1990-01-23,9.84
1990-01-24,10.0
1990-01-25,9.88
1990-01-26,9.88
1990-01-29,9.91
1990-01-30,9.88
1990-01-31,9.94
1990-02-01,9.81
1990-02-02,9.88
1990-02-05,9.88
1990-02-06,9.94
1990-02-07,9.91
1990-02-08,9.88
1990-02-09,9.97
1990-02-12,9.88
1990-02-13,9.88
1990-02-14,9.97
1990-02-15,9.91
1990-02-16,9.91
1990-02-20,9.75
1990-02-21,9.78
1990-02-22,9.66
1990-02-23,9.75
1990-02-26,9.78
1990-02-27,9.91
1990-02-28,10.0
1990-03-01,9.97
1990-03-02,10.22
1990-03-05,10.19
1990-03-06,10.22
1990-03-07,10.28
1990-03-08,10.34
1990-03-09,10.13
1990-03-12,10.22
1990-03-13,10.19
1990-03-14,10.31
1990-03-15,10.34
1990-03-16,10.44
1990-03-19,10.5
1990-03-20,10.5
1990-03-21,10.56
1990-03-22,10.56
1990-03-23,10.56
1990-03-26,10.59
1990-03-27,10.53
1990-03-28,10.63
1990-03-29,10.59
1990-03-30,10.69
1990-04-02,10.59
1990-04-03,10.75
1990-04-04,10.84
1990-04-05,10.75
1990-04-06,10.66
1990-04-09,10.63
1990-04-10,10.66
1990-04-11,10.75
1990-04-12,10.72
1990-04-16,10.69
1990-04-17,10.72
1990-04-18,10.84
1990-04-19,11.16
1990-04-20,11.34
1990-04-23,11.03
1990-04-24,11.25
1990-04-25,11.28
1990-04-26,11.5
1990-04-27,11.38
1990-04-30,11.19
1990-05-01,11.28
1990-05-02,11.13
1990-05-03,11.28
1990-05-04,11.34
1990-05-07,11.47
1990-05-08,11.28
1990-05-09,11.47
1990-05-10,11.41
1990-05-11,11.56
1990-05-14,11.53
1990-05-15,11.69
1990-05-16,11.84
1990-05-17,11.84
1990-05-18,11.94
1990-05-21,12.06
1990-05-22,12.13
1990-05-23,12.13
1990-05-24,12.09
1990-05-25,12.16
1990-05-29,12.38
1990-05-30,12.44
1990-05-31,12.44
1990-06-01,12.53
1990-06-04,12.69
1990-06-05,12.5
1990-06-06,12.38
1990-06-07,12.0
1990-06-08,11.75
1990-06-11,12.13
1990-06-12,12.13
1990-06-13,11.91
1990-06-14,11.97
1990-06-15,11.75
1990-06-18,11.75
1990-06-19,12.0
1990-06-20,11.84
1990-06-21,11.88
1990-06-22,11.91
1990-06-25,11.97
1990-06-26,12.31
1990-06-27,11.59
1990-06-28,11.94
1990-06-29,12.0
1990-07-02,12.06
1990-07-03,12.19
1990-07-05,12.09
1990-07-06,11.91
1990-07-09,11.97
1990-07-10,11.94
1990-07-11,12.13
1990-07-12,12.19
1990-07-13,12.5
1990-07-16,12.44
1990-07-17,12.38
1990-07-18,12.34
1990-07-19,12.78
1990-07-20,13.5
1990-07-23,13.28
1990-07-24,13.25
1990-07-25,13.16
1990-07-26,13.0
1990-07-27,12.78
1990-07-30,13.25
1990-07-31,13.34
1990-08-01,13.28
1990-08-02,13.16
1990-08-03,12.5
1990-08-06,12.25
1990-08-07,12.38
1990-08-08,12.5
1990-08-09,12.63
1990-08-10,12.44
1990-08-13,12.22
1990-08-14,12.16
1990-08-15,12.0
1990-08-16,11.63
1990-08-17,11.53
1990-08-20,11.72
1990-08-21,11.44
1990-08-22,11.31
1990-08-23,11.03
1990-08-24,11.22
1990-08-27,11.59
1990-08-28,11.66
1990-08-29,11.56
1990-08-30,11.28
1990-08-31,11.47
1990-09-04,11.41
1990-09-05,11.38
1990-09-06,11.38
1990-09-07,11.34
1990-09-10,11.34
1990-09-11,11.16
1990-09-12,11.22
1990-09-13,11.13
1990-09-14,10.94
1990-09-17,10.72
1990-09-18,10.69
1990-09-19,10.69
1990-09-20,10.5
1990-09-21,10.56
1990-09-24,10.56
1990-09-25,11.0
1990-09-26,10.88
1990-09-27,10.91
1990-09-28,10.94
1990-10-01,11.47
1990-10-02,11.59
1990-10-03,11.41
1990-10-04,11.38
1990-10-05,11.13
1990-10-08,11.0
1990-10-09,10.59
1990-10-10,10.09
1990-10-11,9.84
1990-10-12,9.69
1990-10-15,9.59
1990-10-16,8.66
1990-10-17,8.91
1990-10-18,9.19
1990-10-19,9.66
1990-10-22,9.31
1990-10-23,9.16
1990-10-24,9.41
1990-10-25,9.38
1990-10-26,9.56
1990-10-29,9.41
1990-10-30,9.47
1990-10-31,9.47
1990-11-01,9.69
1990-11-02,9.75
1990-11-05,9.88
1990-11-06,9.75
1990-11-07,9.69
1990-11-08,9.72
1990-11-09,10.0
1990-11-12,9.94
1990-11-13,9.78
1990-11-14,10.06
1990-11-15,9.81
1990-11-16,10.03
1990-11-19,10.59
1990-11-20,10.59
1990-11-21,10.59
1990-11-23,10.41
1990-11-26,10.19
1990-11-27,10.16
1990-11-28,10.25
1990-11-29,10.31
1990-11-30,10.56
1990-12-03,10.63
1990-12-04,10.66
1990-12-05,10.63
1990-12-06,11.06
1990-12-07,10.94
1990-12-10,11.25
1990-12-11,11.06
1990-12-12,11.13
1990-12-13,11.09
1990-12-14,10.97
1990-12-17,10.91
1990-12-18,11.09
1990-12-19,11.0
1990-12-20,11.28
1990-12-21,11.66
1990-12-24,11.56
1990-12-26,11.66
1990-12-27,11.66
1990-12-28,11.75
1990-12-31,11.75
1991-01-02,11.34
1991-01-03,11.16
1991-01-04,11.06
1991-01-07,10.78
1991-01-08,10.75
1991-01-09,10.56
1991-01-10,10.81
1991-01-11,10.97
1991-01-14,10.53
1991-01-15,10.63
1991-01-16,10.69
1991-01-17,11.03
1991-01-18,11.38
1991-01-21,11.28
1991-01-22,11.31
1991-01-23,11.38
1991-01-24,11.78
1991-01-25,11.47
1991-01-28,11.53
1991-01-29,11.69
1991-01-30,11.84
1991-01-31,12.34
1991-02-01,12.44
1991-02-04,12.56
1991-02-05,12.75
1991-02-06,13.16
1991-02-07,12.88
1991-02-08,12.94
1991-02-11,13.38
1991-02-12,13.34
1991-02-13,13.28
1991-02-14,13.0
1991-02-15,13.19
1991-02-19,13.53
1991-02-20,13.63
1991-02-21,13.28
1991-02-22,13.19
1991-02-25,13.06
1991-02-26,13.03
1991-02-27,13.16
1991-02-28,13.25
1991-03-01,13.22
1991-03-04,12.63
1991-03-05,13.28
1991-03-06,13.06
1991-03-07,12.94
1991-03-08,12.97
1991-03-11,12.97
1991-03-12,12.97
1991-03-13,13.16
1991-03-14,12.31
1991-03-15,12.56
1991-03-18,11.44
1991-03-19,11.63
1991-03-20,11.88
1991-03-21,11.75
1991-03-22,11.91
1991-03-25,12.09
1991-03-26,12.25
1991-03-27,12.31
1991-03-28,12.22
1991-04-01,12.19
1991-04-02,12.25
1991-04-03,12.19
1991-04-04,12.16
1991-04-05,12.09
1991-04-08,12.06
1991-04-09,11.81
1991-04-10,11.81
1991-04-11,11.75
1991-04-12,11.75
1991-04-15,11.91
1991-04-16,12.09
1991-04-17,12.09
1991-04-18,11.94
1991-04-19,11.97
1991-04-22,11.91
1991-04-23,11.81
1991-04-24,11.91
1991-04-25,12.0
1991-04-26,12.16
1991-04-29,11.91
1991-04-30,11.88
1991-05-01,12.03
1991-05-02,12.13
1991-05-03,12.13
1991-05-06,12.0
1991-05-07,11.75
1991-05-08,11.63
1991-05-09,11.72
1991-05-10,11.66
1991-05-13,11.59
1991-05-14,11.63
1991-05-15,11.5
1991-05-16,11.63
1991-05-17,11.72
1991-05-20,11.63
1991-05-21,11.75
1991-05-22,11.56
1991-05-23,11.47
1991-05-24,11.56
1991-05-28,12.0
1991-05-29,12.38
1991-05-30,13.28
1991-05-31,13.56
1991-06-03,13.56
1991-06-04,13.63
1991-06-05,13.25
1991-06-06,13.34
1991-06-07,13.25
1991-06-10,13.16
1991-06-11,13.53
1991-06-12,13.41
1991-06-13,13.66
1991-06-14,13.94
1991-06-17,14.13
1991-06-18,14.0
1991-06-19,13.81
1991-06-20,13.81
1991-06-21,14.0
1991-06-24,13.72
1991-06-25,13.69
1991-06-26,13.69
1991-06-27,14.06
1991-06-28,13.84
1991-07-01,14.22
1991-07-02,14.16
1991-07-03,14.03
1991-07-05,14.06
1991-07-08,14.09
1991-07-09,14.03
1991-07-10,13.97
1991-07-11,14.19
1991-07-12,14.41
1991-07-15,14.5
1991-07-16,14.38
1991-07-17,14.31
1991-07-18,14.66
1991-07-19,14.66
1991-07-22,14.5
1991-07-23,14.53
1991-07-24,14.44
1991-07-25,14.25
1991-07-26,14.06
1991-07-29,14.13
1991-07-30,14.31
1991-07-31,14.22
1991-08-01,14.25
1991-08-02,14.19
1991-08-05,14.19
1991-08-06,14.22
1991-08-07,14.25
1991-08-08,14.06
1991-08-09,13.84
1991-08-12,13.94
1991-08-13,13.66
1991-08-14,13.38
1991-08-15,13.5
1991-08-16,13.47
1991-08-19,12.97
1991-08-20,12.88
1991-08-21,13.5
1991-08-22,13.63
1991-08-23,14.25
1991-08-26,14.34
1991-08-27,14.19
1991-08-28,14.16
1991-08-29,14.25
1991-08-30,14.16
1991-09-03,14.13
1991-09-04,14.09
1991-09-05,14.09
1991-09-06,14.13
1991-09-09,14.09
1991-09-10,13.84
1991-09-11,13.66
1991-09-12,13.69
1991-09-13,13.72
1991-09-16,13.59
1991-09-17,13.69
1991-09-18,13.69
1991-09-19,13.34
1991-09-20,13.44
1991-09-23,13.44
1991-09-24,13.53
1991-09-25,13.56
1991-09-26,13.63
1991-09-27,13.75
1991-09-30,13.72
1991-10-01,13.72
1991-10-02,13.66
1991-10-03,13.53
1991-10-04,13.31
1991-10-07,13.19
1991-10-08,13.19
1991-10-09,13.0
1991-10-10,12.88
1991-10-11,12.16
1991-10-14,12.91
1991-10-15,12.69
1991-10-16,12.75
1991-10-17,13.22
1991-10-18,13.0
1991-10-21,12.81
1991-10-22,12.81
1991-10-23,13.06
1991-10-24,12.88
1991-10-25,12.84
1991-10-28,13.22
1991-10-29,12.94
1991-10-30,12.66
1991-10-31,12.5
1991-11-01,12.5
1991-11-04,12.47
1991-11-05,12.09
1991-11-06,11.88
1991-11-07,12.31
1991-11-08,12.34
1991-11-11,12.34
1991-11-12,12.5
1991-11-13,12.41
1991-11-14,12.31
1991-11-15,11.88
1991-11-18,11.94
1991-11-19,11.56
1991-11-20,11.75
1991-11-21,11.72
1991-11-22,11.59
1991-11-25,11.31
1991-11-26,11.44
1991-11-27,11.5
1991-11-29,11.47
1991-12-02,11.63
1991-12-03,11.78
1991-12-04,11.5
1991-12-05,11.44
1991-12-06,11.56
1991-12-09,11.5
1991-12-10,11.44
1991-12-11,11.47
1991-12-12,11.47
1991-12-13,11.53
1991-12-16,11.5
1991-12-17,11.59
1991-12-18,11.5
1991-12-19,11.38
1991-12-20,11.72
1991-12-23,12.03
1991-12-24,12.13
1991-12-26,12.16
1991-12-27,12.25
1991-12-30,12.5
1991-12-31,12.63
1992-01-02,12.69
1992-01-03,12.72
1992-01-06,12.91
1992-01-07,13.31
1992-01-08,13.5
1992-01-09,13.47
1992-01-10,13.34
1992-01-13,13.34
1992-01-14,13.59
1992-01-15,14.03
1992-01-16,14.38
1992-01-17,14.66
1992-01-20,14.19
1992-01-21,14.16
1992-01-22,14.63
1992-01-23,14.47
1992-01-24,14.38
1992-01-27,14.53
1992-01-28,14.44
1992-01-29,14.34
1992-01-30,14.0
1992-01-31,14.13
1992-02-03,14.06
1992-02-04,14.44
1992-02-05,14.47
1992-02-06,14.66
1992-02-07,14.63
1992-02-10,14.69
1992-02-11,14.72
1992-02-12,14.66
1992-02-13,14.47
1992-02-14,14.44
1992-02-18,14.47
1992-02-19,14.69
1992-02-20,15.13
1992-02-21,14.63
1992-02-24,14.69
1992-02-25,14.56
1992-02-26,14.69
1992-02-27,14.5
1992-02-28,14.44
1992-03-02,14.5
1992-03-03,14.75
1992-03-04,15.0
1992-03-05,15.0
1992-03-06,14.81
1992-03-09,14.63
1992-03-10,14.66
1992-03-11,14.34
1992-03-12,14.38
1992-03-13,14.44
1992-03-16,14.63
1992-03-17,14.53
1992-03-18,14.59
1992-03-19,14.97
1992-03-20,15.38
1992-03-23,15.44
1992-03-24,15.25
1992-03-25,14.81
1992-03-26,15.16
1992-03-27,15.0
1992-03-30,14.91
1992-03-31,14.94
1992-04-01,14.94
1992-04-02,14.53
1992-04-03,14.5
1992-04-06,14.41
1992-04-07,14.41
1992-04-08,13.88
1992-04-09,14.06
1992-04-10,14.06
1992-04-13,14.0
1992-04-14,14.69
1992-04-15,15.06
1992-04-16,15.66
1992-04-20,16.38
1992-04-21,15.91
1992-04-22,16.0
1992-04-23,15.84
1992-04-24,16.03
1992-04-27,16.19
1992-04-28,16.06
1992-04-29,16.16
1992-04-30,16.03
1992-05-01,16.0
1992-05-04,15.84
1992-05-05,15.56
1992-05-06,15.88
1992-05-07,15.94
1992-05-08,15.69
1992-05-11,15.97
1992-05-12,15.66
1992-05-13,15.81
1992-05-14,15.81
1992-05-15,15.25
1992-05-18,15.44
1992-05-19,15.94
1992-05-20,16.19
1992-05-21,16.0
1992-05-22,15.94
1992-05-26,15.94
1992-05-27,16.16
1992-05-28,16.44
1992-05-29,16.81
1992-06-01,16.69
1992-06-02,16.69
1992-06-03,16.69
1992-06-04,16.66
1992-06-05,16.69
1992-06-08,16.78
1992-06-09,16.63
1992-06-10,16.69
1992-06-11,16.22
1992-06-12,16.22
1992-06-15,16.13
1992-06-16,16.0
1992-06-17,16.19
1992-06-18,16.28
1992-06-19,16.16
1992-06-22,16.0
1992-06-23,16.16
1992-06-24,16.22
1992-06-25,16.34
1992-06-26,16.38
1992-06-29,16.34
1992-06-30,16.38
1992-07-01,16.84
1992-07-02,16.41
1992-07-06,16.28
1992-07-07,16.16
1992-07-08,15.94
1992-07-09,16.25
1992-07-10,16.06
1992-07-13,15.81
1992-07-14,16.09
1992-07-15,16.31
1992-07-16,16.69
1992-07-17,16.31
1992-07-20,16.28
1992-07-21,16.13
1992-07-22,16.06
1992-07-23,16.09
1992-07-24,16.06
1992-07-27,16.0
1992-07-28,16.25
1992-07-29,16.91
1992-07-30,17.06
1992-07-31,16.78
1992-08-03,16.91
1992-08-04,16.88
1992-08-05,16.72
1992-08-06,16.5
1992-08-07,16.28
1992-08-10,16.16
1992-08-11,16.19
1992-08-12,16.13
1992-08-13,15.84
1992-08-14,15.94
1992-08-17,16.03
1992-08-18,16.16
1992-08-19,16.19
1992-08-20,16.19
1992-08-21,16.0
1992-08-24,15.19
1992-08-25,15.0
1992-08-26,14.84
1992-08-27,14.97
1992-08-28,15.25
1992-08-31,15.03
1992-09-01,15.0
1992-09-02,14.81
1992-09-03,14.88
1992-09-04,15.0
1992-09-08,14.81
1992-09-09,14.63
1992-09-10,14.88
1992-09-11,14.91
1992-09-14,15.47
1992-09-15,15.31
1992-09-16,15.59
1992-09-17,15.69
1992-09-18,15.75
1992-09-21,15.72
1992-09-22,15.78
1992-09-23,15.22
1992-09-24,15.28
1992-09-25,14.94
1992-09-28,14.88
1992-09-29,14.97
1992-09-30,14.66
1992-10-01,14.38
1992-10-02,14.31
1992-10-05,14.0
1992-10-06,14.22
1992-10-07,13.88
1992-10-08,13.69
1992-10-09,13.38
1992-10-12,13.47
1992-10-13,13.78
1992-10-14,13.88
1992-10-15,13.69
1992-10-16,14.09
1992-10-19,14.63
1992-10-20,14.91
1992-10-21,15.06
1992-10-22,14.94
1992-10-23,14.94
1992-10-26,15.25
1992-10-27,15.22
1992-10-28,15.41
1992-10-29,15.47
1992-10-30,15.41
1992-11-02,15.69
1992-11-03,15.91
1992-11-04,15.81
1992-11-05,15.5
1992-11-06,15.56
1992-11-09,15.66
1992-11-10,15.28
1992-11-11,15.13
1992-11-12,14.84
1992-11-13,15.03
1992-11-16,15.06
1992-11-17,15.0
1992-11-18,15.06
1992-11-19,15.16
1992-11-20,15.13
1992-11-23,15.34
1992-11-24,15.69
1992-11-25,15.91
1992-11-27,15.91
1992-11-30,16.0
1992-12-01,16.41
1992-12-02,16.34
1992-12-03,16.13
1992-12-04,16.09
1992-12-07,16.03
1992-12-08,16.09
1992-12-09,16.13
1992-12-10,16.09
1992-12-11,16.06
1992-12-14,15.91
1992-12-15,15.94
1992-12-16,15.91
1992-12-17,15.91
1992-12-18,16.13
1992-12-21,16.19
1992-12-22,16.0
1992-12-23,15.97
1992-12-24,15.91
1992-12-28,15.84
1992-12-29,16.22
1992-12-30,16.59
1992-12-31,16.47
1993-01-04,16.38
1993-01-05,16.56
1993-01-06,16.5
1993-01-07,16.41
1993-01-08,16.38
1993-01-11,16.31
1993-01-12,16.25
1993-01-13,15.91
1993-01-14,15.59
1993-01-15,15.53
1993-01-18,15.75
1993-01-19,15.56
1993-01-20,15.47
1993-01-21,15.44
1993-01-22,15.88
1993-01-25,15.63
1993-01-26,15.78
1993-01-27,15.81
1993-01-28,15.59
1993-01-29,15.75
1993-02-01,15.63
1993-02-02,15.66
1993-02-03,16.06
1993-02-04,16.56
1993-02-05,16.88
1993-02-08,16.97
1993-02-09,16.75
1993-02-10,17.09
1993-02-11,17.34
1993-02-12,17.16
1993-02-16,16.19
1993-02-17,16.5
1993-02-18,16.22
1993-02-19,16.25
1993-02-22,16.53
1993-02-23,16.56
1993-02-24,16.56
1993-02-25,16.41
1993-02-26,16.56
1993-03-01,16.41
1993-03-02,16.84
1993-03-03,16.94
1993-03-04,16.97
1993-03-05,16.88
1993-03-08,17.13
1993-03-09,17.09
1993-03-10,17.06
1993-03-11,16.97
1993-03-12,16.78
1993-03-15,16.59
1993-03-16,16.84
1993-03-17,16.56
1993-03-18,16.66
1993-03-19,16.75
1993-03-22,17.06
1993-03-23,17.16
1993-03-24,17.41
1993-03-25,17.09
1993-03-26,16.91
1993-03-29,16.91
1993-03-30,17.22
1993-03-31,16.97
1993-04-01,17.06
1993-04-02,16.88
1993-04-05,17.22
1993-04-06,16.88
1993-04-07,16.63
1993-04-08,16.53
1993-04-12,16.91
1993-04-13,17.03
1993-04-14,17.31
1993-04-15,18.38
1993-04-16,18.63
1993-04-19,18.56
1993-04-20,18.41
1993-04-21,18.31
1993-04-22,18.38
1993-04-23,18.38
1993-04-26,18.06
1993-04-27,18.06
1993-04-28,18.13
1993-04-29,18.31
1993-04-30,18.44
1993-05-03,18.47
1993-05-04,18.19
1993-05-05,18.41
1993-05-06,18.34
1993-05-07,18.5
1993-05-10,18.03
1993-05-11,18.31
1993-05-12,18.22
1993-05-13,18.03
1993-05-14,18.31
1993-05-17,18.06
1993-05-18,18.28
1993-05-19,18.66
1993-05-20,18.63
1993-05-21,18.41
1993-05-24,18.25
1993-05-25,18.06
1993-05-26,18.47
1993-05-27,18.22
1993-05-28,18.16
1993-06-01,18.16
1993-06-02,18.09
1993-06-03,18.22
1993-06-04,18.06
1993-06-07,18.31
1993-06-08,18.06
1993-06-09,18.0
1993-06-10,17.0
1993-06-11,16.63
1993-06-14,16.81
1993-06-15,17.03
1993-06-16,17.47
1993-06-17,17.53
1993-06-18,17.31
1993-06-21,17.22
1993-06-22,17.22
1993-06-23,17.19
1993-06-24,17.31
1993-06-25,17.28
1993-06-28,17.19
1993-06-29,16.78
1993-06-30,16.38
1993-07-01,16.84
1993-07-02,16.78
1993-07-06,16.59
1993-07-07,16.5
1993-07-08,16.31
1993-07-09,16.69
1993-07-12,16.81
1993-07-13,16.63
1993-07-14,16.63
1993-07-15,16.78
1993-07-16,16.81
1993-07-19,17.16
1993-07-20,17.16
1993-07-21,17.16
1993-07-22,17.22
1993-07-23,17.31
1993-07-26,17.34
1993-07-27,17.5
1993-07-28,17.41
1993-07-29,17.34
1993-07-30,17.31
1993-08-02,17.31
1993-08-03,17.34
1993-08-04,17.19
1993-08-05,17.22
1993-08-06,17.41
1993-08-09,17.53
1993-08-10,17.59
1993-08-11,17.72
1993-08-12,17.31
1993-08-13,17.53
1993-08-16,17.81
1993-08-17,17.69
1993-08-18,17.53
1993-08-19,17.28
1993-08-20,16.97
1993-08-23,16.81
1993-08-24,17.09
1993-08-25,17.25
1993-08-26,17.19
1993-08-27,17.13
1993-08-30,16.94
1993-08-31,16.97
1993-09-01,16.97
1993-09-02,16.88
1993-09-03,17.13
1993-09-07,16.94
1993-09-08,16.91
1993-09-09,16.78
1993-09-10,17.09
1993-09-13,17.25
1993-09-14,17.22
1993-09-15,17.0
1993-09-16,17.13
1993-09-17,16.78
1993-09-20,16.59
1993-09-21,16.44
1993-09-22,16.19
1993-09-23,16.19
1993-09-24,16.25
1993-09-27,16.44
1993-09-28,16.53
1993-09-29,16.41
1993-09-30,16.31
1993-10-01,16.66
1993-10-04,16.56
1993-10-05,16.56
1993-10-06,16.53
1993-10-07,16.38
1993-10-08,16.41
1993-10-11,16.38
1993-10-12,16.38
1993-10-13,16.25
1993-10-14,16.34
1993-10-15,16.56
1993-10-18,16.63
1993-10-19,16.72
1993-10-20,16.59
1993-10-21,16.41
1993-10-22,16.44
1993-10-25,16.78
1993-10-26,16.94
1993-10-27,17.44
1993-10-28,17.63
1993-10-29,17.44
1993-11-01,17.81
1993-11-02,17.94
1993-11-03,17.72
1993-11-04,17.41
1993-11-05,17.38
1993-11-08,17.53
1993-11-09,17.56
1993-11-10,17.75
1993-11-11,17.66
1993-11-12,17.75
1993-11-15,17.56
1993-11-16,17.75
1993-11-17,17.63
1993-11-18,17.66
1993-11-19,17.78
1993-11-22,17.88
1993-11-23,17.72
1993-11-24,17.75
1993-11-26,17.84
1993-11-29,17.81
1993-11-30,17.69
1993-12-01,17.88
1993-12-02,17.78
1993-12-03,17.81
1993-12-06,17.66
1993-12-07,17.72
1993-12-08,17.88
1993-12-09,17.81
1993-12-10,18.06
1993-12-13,18.31
1993-12-14,18.25
1993-12-15,18.5
1993-12-16,18.59
1993-12-17,18.69
1993-12-20,18.53
1993-12-21,18.44
1993-12-22,18.88
1993-12-23,18.72
1993-12-27,18.88
1993-12-28,18.75
1993-12-29,18.69
1993-12-30,18.78
1993-12-31,18.97
1994-01-03,18.75
1994-01-04,18.75
1994-01-05,18.91
1994-01-06,19.03
1994-01-07,18.84
1994-01-10,19.09
1994-01-11,19.25
1994-01-12,19.03
1994-01-13,18.97
1994-01-14,18.91
1994-01-17,18.88
1994-01-18,18.91
1994-01-19,19.16
1994-01-20,19.38
1994-01-21,19.13
1994-01-24,19.22
1994-01-25,19.09
1994-01-26,19.19
1994-01-27,19.5
1994-01-28,19.53
1994-01-31,19.72
1994-02-01,19.78
1994-02-02,20.0
1994-02-03,20.13
1994-02-04,19.75
1994-02-07,19.94
1994-02-08,19.94
1994-02-09,20.13
1994-02-10,20.03
1994-02-11,19.94
1994-02-14,19.84
1994-02-15,19.66
1994-02-16,19.5
1994-02-17,19.31
1994-02-18,19.38
1994-02-22,19.31
1994-02-23,19.31
1994-02-24,19.25
1994-02-25,19.13
1994-02-28,19.19
1994-03-01,18.94
1994-03-02,18.94
1994-03-03,18.81
1994-03-04,18.88
1994-03-07,18.78
1994-03-08,18.69
1994-03-09,18.78
1994-03-10,18.88
1994-03-11,19.13
1994-03-14,19.59
1994-03-15,19.78
1994-03-16,19.94
1994-03-17,19.88
1994-03-18,19.84
1994-03-21,19.56
1994-03-22,19.63
1994-03-23,19.59
1994-03-24,19.5
1994-03-25,19.22
1994-03-28,18.69
1994-03-29,18.38
1994-03-30,18.41
1994-03-31,18.59
1994-04-04,18.47
1994-04-05,18.75
1994-04-06,18.78
1994-04-07,19.0
1994-04-08,19.0
1994-04-11,19.22
1994-04-12,19.09
1994-04-13,19.03
1994-04-14,18.75
1994-04-15,18.66
1994-04-18,18.31
1994-04-19,18.19
1994-04-20,17.69
1994-04-21,17.97
1994-04-22,18.44
1994-04-25,18.5
1994-04-26,18.91
1994-04-28,18.75
1994-04-29,18.94
1994-05-02,18.84
1994-05-03,18.97
1994-05-04,18.69
1994-05-05,18.81
1994-05-06,18.5
1994-05-09,17.97
1994-05-10,17.91
1994-05-11,18.25
1994-05-12,18.34
1994-05-13,18.34
1994-05-16,18.66
1994-05-17,18.84
1994-05-18,19.0
1994-05-19,19.09
1994-05-20,19.09
1994-05-23,19.0
1994-05-24,18.72
1994-05-25,18.72
1994-05-26,18.88
1994-05-27,18.72
1994-05-31,18.69
1994-06-01,18.75
1994-06-02,18.63
1994-06-03,18.66
1994-06-06,18.59
1994-06-07,18.56
1994-06-08,18.53
1994-06-09,18.75
1994-06-10,18.97
1994-06-13,19.38
1994-06-14,19.63
1994-06-15,19.69
1994-06-16,19.38
1994-06-17,19.38
1994-06-20,18.75
1994-06-21,19.06
1994-06-22,19.5
1994-06-23,19.0
1994-06-24,18.94
1994-06-27,19.13
1994-06-28,19.0
1994-06-29,18.94
1994-06-30,18.75
1994-07-01,19.06
1994-07-05,19.13
1994-07-06,19.0
1994-07-07,19.0
1994-07-08,19.19
1994-07-11,19.19
1994-07-12,19.13
1994-07-13,18.94
1994-07-14,19.19
1994-07-15,19.5
1994-07-18,19.56
1994-07-19,19.88
1994-07-20,19.75
1994-07-21,19.44
1994-07-22,19.5
1994-07-25,19.5
1994-07-26,19.19
1994-07-27,19.0
1994-07-28,19.19
1994-07-29,19.56
1994-08-01,19.38
1994-08-02,19.19
1994-08-03,19.5
1994-08-04,19.06
1994-08-05,18.88
1994-08-08,19.0
1994-08-09,19.0
1994-08-10,19.0
1994-08-11,19.19
1994-08-12,19.19
1994-08-15,19.0
1994-08-16,19.19
1994-08-17,19.5
1994-08-18,19.31
1994-08-19,19.25
1994-08-22,19.38
1994-08-23,19.69
1994-08-24,20.0
1994-08-25,19.56
1994-08-26,20.13
1994-08-29,20.19
1994-08-30,20.69
1994-08-31,20.81
1994-09-01,20.81
1994-09-02,20.88
1994-09-06,20.94
1994-09-07,20.56
1994-09-08,20.56
1994-09-09,20.13
1994-09-12,20.13
1994-09-13,20.31
1994-09-14,20.06
1994-09-15,20.63
1994-09-16,20.56
1994-09-19,20.63
1994-09-20,20.06
1994-09-21,19.81
1994-09-22,19.81
1994-09-23,19.5
1994-09-26,19.31
1994-09-27,19.25
1994-09-28,19.63
1994-09-29,19.88
1994-09-30,19.81
1994-10-03,19.56
1994-10-04,19.31
1994-10-05,19.44
1994-10-06,19.06
1994-10-07,18.88
1994-10-10,19.13
1994-10-11,19.75
1994-10-12,19.5
1994-10-13,19.69
1994-10-14,19.63
1994-10-17,19.56
1994-10-18,20.06
1994-10-19,19.75
1994-10-20,19.94
1994-10-21,19.94
1994-10-24,19.81
1994-10-25,19.81
1994-10-26,19.94
1994-10-27,20.0
1994-10-28,20.44
1994-10-31,20.38
1994-11-01,20.0
1994-11-02,19.81
1994-11-03,19.81
1994-11-04,19.5
1994-11-07,19.38
1994-11-08,19.31
1994-11-09,19.44
1994-11-10,19.44
1994-11-11,19.06
1994-11-14,18.69
1994-11-15,18.81
1994-11-16,18.81
1994-11-17,18.25
1994-11-18,18.19
1994-11-21,17.69
1994-11-22,17.56
1994-11-23,16.94
1994-11-25,17.13
1994-11-28,17.56
1994-11-29,18.0
1994-11-30,18.0
1994-12-01,18.13
1994-12-02,18.44
1994-12-05,17.56
1994-12-06,17.38
1994-12-07,17.63
1994-12-08,17.75
1994-12-09,17.5
1994-12-12,18.0
1994-12-13,18.13
1994-12-14,18.81
1994-12-15,18.94
1994-12-16,19.06
1994-12-19,18.94
1994-12-20,19.44
1994-12-21,19.69
1994-12-22,19.63
1994-12-23,19.5
1994-12-27,19.25
1994-12-28,19.0
1994-12-29,18.56
1994-12-30,18.56
1995-01-03,18.75
1995-01-04,18.81
1995-01-05,19.0
1995-01-06,19.25
1995-01-09,19.38
1995-01-10,19.5
1995-01-11,19.63
1995-01-12,19.56
1995-01-13,19.63
1995-01-16,19.38
1995-01-17,19.0
1995-01-18,19.19
1995-01-19,18.5
1995-01-20,18.75
1995-01-23,18.06
1995-01-24,18.06
1995-01-25,18.06
1995-01-26,17.75
1995-01-27,17.88
1995-01-30,17.56
1995-01-31,17.56
1995-02-01,17.75
1995-02-02,18.0
1995-02-03,18.19
1995-02-06,18.31
1995-02-07,18.56
1995-02-08,18.81
1995-02-09,18.75
1995-02-10,18.63
1995-02-13,18.88
1995-02-14,18.69
1995-02-15,18.75
1995-02-16,18.75
1995-02-17,18.5
1995-02-21,18.56
1995-02-22,18.5
1995-02-23,18.88
1995-02-24,18.5
1995-02-27,18.31
1995-02-28,18.38
1995-03-01,18.69
1995-03-02,18.31
1995-03-03,18.38
1995-03-06,18.31
1995-03-07,18.0
1995-03-08,18.0
1995-03-09,17.75
1995-03-10,17.88
1995-03-13,17.88
1995-03-14,17.63
1995-03-15,17.63
1995-03-16,18.0
1995-03-17,17.88
1995-03-20,17.88
1995-03-21,18.0
1995-03-22,18.06
1995-03-23,18.13
1995-03-24,18.56
1995-03-27,19.06
1995-03-28,18.94
1995-03-29,19.5
1995-03-30,19.5
1995-03-31,18.88
1995-04-03,19.06
1995-04-04,19.31
1995-04-05,19.0
1995-04-06,18.63
1995-04-07,18.69
1995-04-10,18.56
1995-04-11,18.63
1995-04-12,18.81
1995-04-13,18.94
1995-04-17,18.5
1995-04-18,18.44
1995-04-19,18.69
1995-04-20,19.19
1995-04-21,19.25
1995-04-24,19.5
1995-04-25,19.81
1995-04-26,19.75
1995-04-27,19.56
1995-04-28,19.69
1995-05-01,19.75
1995-05-02,19.88
1995-05-03,19.69
1995-05-04,19.63
1995-05-05,19.56
1995-05-08,19.38
1995-05-09,19.44
1995-05-10,19.38
1995-05-11,19.13
1995-05-12,19.13
1995-05-15,20.25
1995-05-16,20.31
1995-05-17,20.19
1995-05-18,20.0
1995-05-19,20.0
1995-05-22,20.0
1995-05-23,19.94
1995-05-24,20.19
1995-05-25,19.75
1995-05-26,19.81
1995-05-30,20.5
1995-05-31,20.81
1995-06-01,20.75
1995-06-02,20.63
1995-06-05,20.75
1995-06-06,20.94
1995-06-07,21.0
1995-06-08,21.13
1995-06-09,20.75
1995-06-12,21.06
1995-06-13,20.38
1995-06-14,20.5
1995-06-15,20.69
1995-06-16,20.25
1995-06-19,20.88
1995-06-20,20.81
1995-06-21,21.06
1995-06-22,21.0
1995-06-23,21.0
1995-06-26,21.0
1995-06-27,21.0
1995-06-28,21.0
1995-06-29,21.13
1995-06-30,21.44
1995-07-03,21.5
1995-07-05,21.44
1995-07-06,21.69
1995-07-07,22.5
1995-07-10,22.81
1995-07-11,22.25
1995-07-12,22.38
1995-07-13,22.63
1995-07-14,22.44
1995-07-17,22.32
1995-07-18,21.75
1995-07-19,21.56
1995-07-20,21.44
1995-07-21,21.81
1995-07-24,21.94
1995-07-25,22.0
1995-07-26,22.44
1995-07-27,22.63
1995-07-28,22.56
1995-07-31,22.88
1995-08-01,23.0
1995-08-02,22.88
1995-08-03,22.75
1995-08-04,22.63
1995-08-07,22.63
1995-08-08,22.44
1995-08-09,22.13
1995-08-10,21.81
1995-08-11,21.5
1995-08-14,21.81
1995-08-15,21.75
1995-08-16,21.88
1995-08-17,21.5
1995-08-18,21.5
1995-08-21,21.75
1995-08-22,21.56
1995-08-23,21.63
1995-08-24,21.19
1995-08-25,21.38
1995-08-28,21.44
1995-08-29,21.31
1995-08-30,21.25
1995-08-31,21.38
1995-09-01,21.63
1995-09-05,21.81
1995-09-06,21.94
1995-09-07,22.13
1995-09-08,22.31
1995-09-11,22.69
1995-09-12,22.56
1995-09-13,22.69
1995-09-14,23.25
1995-09-15,23.31
1995-09-18,23.44
1995-09-19,23.31
1995-09-20,23.13
1995-09-21,22.88
1995-09-22,22.81
1995-09-25,23.0
1995-09-26,23.0
1995-09-27,23.13
1995-09-28,23.0
1995-09-29,23.19
1995-10-02,22.88
1995-10-03,22.69
1995-10-04,22.25
1995-10-05,22.5
1995-10-06,22.31
1995-10-09,22.31
1995-10-10,22.31
1995-10-11,22.31
1995-10-12,22.44
1995-10-13,22.69
1995-10-16,22.63
1995-10-17,22.38
1995-10-18,22.38
1995-10-19,22.0
1995-10-20,21.75
1995-10-23,21.75
1995-10-24,21.88
1995-10-25,21.5
1995-10-26,21.06
1995-10-27,21.0
1995-10-30,21.25
1995-10-31,21.25
1995-11-01,21.31
1995-11-02,21.56
1995-11-03,21.75
1995-11-06,21.63
1995-11-07,21.63
1995-11-08,21.88
1995-11-09,21.75
1995-11-10,21.69
1995-11-13,21.56
1995-11-14,21.56
1995-11-15,21.69
1995-11-16,21.5
1995-11-17,21.56
1995-11-20,21.56
1995-11-21,22.31
1995-11-22,22.69
1995-11-24,22.75
1995-11-27,22.88
1995-11-28,22.88
1995-11-29,22.69
1995-11-30,22.69
1995-12-01,23.25
1995-12-04,23.63
1995-12-05,23.88
1995-12-06,23.81
1995-12-07,23.25
1995-12-08,23.13
1995-12-11,23.0
1995-12-12,23.0
1995-12-13,23.06
1995-12-14,22.88
1995-12-15,22.56
1995-12-18,22.19
1995-12-19,22.19
1995-12-20,22.0
1995-12-21,22.38
1995-12-22,22.56
1995-12-26,22.25
1995-12-27,22.44
1995-12-28,22.63
1995-12-29,22.88
1996-01-02,23.19
1996-01-03,23.81
1996-01-04,23.44
1996-01-05,23.38
1996-01-08,23.38
1996-01-09,23.31
1996-01-10,22.81
1996-01-11,22.75
1996-01-12,22.5
1996-01-15,22.69
1996-01-16,22.69
1996-01-17,22.75
1996-01-18,22.31
1996-01-19,21.88
1996-01-22,22.25
1996-01-23,22.38
1996-01-24,22.69
1996-01-25,22.63
1996-01-26,23.06
1996-01-29,23.19
1996-01-30,23.31
1996-01-31,23.38
1996-02-01,23.19
1996-02-02,22.88
1996-02-05,23.13
1996-02-06,22.81
1996-02-07,23.38
1996-02-08,23.69
1996-02-09,23.88
1996-02-12,24.5
1996-02-13,24.38
1996-02-14,23.88
1996-02-15,23.31
1996-02-16,22.88
1996-02-20,22.88
1996-02-21,22.69
1996-02-22,23.56
1996-02-23,23.63
1996-02-26,23.63
1996-02-27,23.5
1996-02-28,23.19
1996-02-29,23.19
1996-03-01,23.44
1996-03-04,23.75
1996-03-05,23.94
1996-03-06,23.75
1996-03-07,23.44
1996-03-08,23.25
1996-03-11,23.38
1996-03-12,23.56
1996-03-13,23.81
1996-03-14,24.13
1996-03-15,23.94
1996-03-18,24.31
1996-03-19,24.25
1996-03-20,24.13
1996-03-21,24.0
1996-03-22,24.63
1996-03-25,24.44
1996-03-26,24.69
1996-03-27,24.44
1996-03-28,24.44
1996-03-29,24.44
1996-04-01,25.13
1996-04-02,25.0
1996-04-03,25.19
1996-04-04,25.0
1996-04-08,24.69
1996-04-09,24.69
1996-04-10,24.44
1996-04-11,24.56
1996-04-12,24.38
1996-04-15,24.44
1996-04-16,24.75
1996-04-17,24.69
1996-04-18,24.75
1996-04-19,25.75
1996-04-22,25.44
1996-04-23,25.94
1996-04-24,25.63
1996-04-25,25.38
1996-04-26,25.63
1996-04-29,25.38
1996-04-30,25.31
1996-05-01,25.31
1996-05-02,25.38
1996-05-03,25.25
1996-05-06,25.38
1996-05-07,25.19
1996-05-08,25.0
1996-05-09,25.13
1996-05-10,25.5
1996-05-13,25.44
1996-05-14,25.63
1996-05-15,25.88
1996-05-16,25.75
1996-05-17,26.0
1996-05-20,26.38
1996-05-21,26.5
1996-05-22,26.5
1996-05-23,26.5
1996-05-24,26.69
1996-05-28,26.44
1996-05-29,26.31
1996-05-30,26.5
1996-05-31,25.88
1996-06-03,26.0
1996-06-04,25.94
1996-06-05,25.81
1996-06-06,25.25
1996-06-07,25.06
1996-06-10,25.06
1996-06-11,25.06
1996-06-12,25.19
1996-06-13,25.13
1996-06-14,24.75
1996-06-17,24.75
1996-06-18,24.88
1996-06-19,24.88
1996-06-20,24.44
1996-06-21,24.63
1996-06-24,25.0
1996-06-25,24.81
1996-06-26,24.75
1996-06-27,24.81
1996-06-28,24.38
1996-07-01,24.31
1996-07-02,24.19
1996-07-03,24.13
1996-07-05,23.69
1996-07-08,23.69
1996-07-09,23.69
1996-07-10,24.0
1996-07-11,23.81
1996-07-12,23.63
1996-07-15,23.38
1996-07-16,22.75
1996-07-17,22.63
1996-07-18,22.5
1996-07-19,23.38
1996-07-22,23.06
1996-07-23,22.69
1996-07-24,22.69
1996-07-25,23.56
1996-07-26,23.56
1996-07-29,24.25
1996-07-30,24.06
1996-07-31,24.44
1996-08-01,24.63
1996-08-02,25.13
1996-08-05,25.5
1996-08-06,25.44
1996-08-07,25.5
1996-08-08,25.31
1996-08-09,25.75
1996-08-12,25.94
1996-08-13,25.63
1996-08-14,25.69
1996-08-15,25.38
1996-08-16,25.38
1996-08-19,25.75
1996-08-20,25.81
1996-08-21,25.69
1996-08-22,25.56
1996-08-23,25.56
1996-08-26,25.31
1996-08-27,25.31
1996-08-28,25.31
1996-08-29,25.0
1996-08-30,25.0
1996-09-03,24.75
1996-09-04,25.0
1996-09-05,24.81
1996-09-06,25.13
1996-09-09,25.63
1996-09-10,25.75
1996-09-11,25.63
1996-09-12,26.0
1996-09-13,26.5
1996-09-16,26.5
1996-09-17,26.5
1996-09-18,26.19
1996-09-19,26.25
1996-09-20,26.63
1996-09-23,26.44
1996-09-24,26.69
1996-09-25,26.75
1996-09-26,26.81
1996-09-27,26.81
1996-09-30,27.19
1996-10-01,26.81
1996-10-02,27.0
1996-10-03,27.5
1996-10-04,27.5
1996-10-07,27.31
1996-10-08,27.31
1996-10-09,27.19
1996-10-10,27.31
1996-10-11,27.44
1996-10-14,27.75
1996-10-15,27.56
1996-10-16,27.94
1996-10-17,28.38
1996-10-18,28.38
1996-10-21,28.38
1996-10-22,28.31
1996-10-23,28.5
1996-10-24,28.44
1996-10-25,28.31
1996-10-28,28.5
1996-10-29,28.5
1996-10-30,28.31
1996-10-31,28.5
1996-11-01,28.81
1996-11-04,28.81
1996-11-05,28.88
1996-11-06,28.94
1996-11-07,29.31
1996-11-08,29.31
1996-11-11,29.75
1996-11-12,29.63
1996-11-13,29.75
1996-11-14,29.5
1996-11-15,29.31
1996-11-18,29.44
1996-11-19,29.5
1996-11-20,29.63
1996-11-21,29.94
1996-11-22,30.06
1996-11-25,30.38
1996-11-26,30.5
1996-11-27,30.81
1996-11-29,30.63
1996-12-02,30.88
1996-12-03,30.38
1996-12-04,30.13
1996-12-05,30.31
1996-12-06,29.94
1996-12-09,30.25
1996-12-10,30.0
1996-12-11,29.0
1996-12-12,28.63
1996-12-13,28.38
1996-12-16,28.5
1996-12-17,27.75
1996-12-18,27.5
1996-12-19,27.88
1996-12-20,28.25
1996-12-23,28.25
1996-12-24,28.44
1996-12-26,28.56
1996-12-27,28.38
1996-12-30,28.56
1996-12-31,28.06
1997-01-02,27.5
1997-01-03,27.94
1997-01-06,27.81
1997-01-07,27.63
1997-01-08,26.81
1997-01-09,26.5
1997-01-10,27.13
1997-01-13,27.0
1997-01-14,27.06
1997-01-15,26.69
1997-01-16,26.81
1997-01-17,27.63
1997-01-20,27.75
1997-01-21,27.63
1997-01-22,27.06
1997-01-23,27.13
1997-01-24,27.19
1997-01-27,27.0
1997-01-28,27.0
1997-01-29,26.81
1997-01-30,26.56
1997-01-31,26.75
1997-02-03,26.81
1997-02-04,26.69
1997-02-05,26.63
1997-02-06,26.63
1997-02-07,26.63
1997-02-10,26.63
1997-02-11,26.56
1997-02-12,26.75
1997-02-13,27.25
1997-02-14,27.19
1997-02-18,27.5
1997-02-19,27.56
1997-02-20,27.5
1997-02-21,27.69
1997-02-24,27.81
1997-02-25,27.88
1997-02-26,27.88
1997-02-27,27.88
1997-02-28,28.0
1997-03-03,28.13
1997-03-04,27.81
1997-03-05,28.31
1997-03-06,28.06
1997-03-07,28.19
1997-03-10,28.38
1997-03-11,28.5
1997-03-12,28.25
1997-03-13,28.0
1997-03-14,28.25
1997-03-17,28.5
1997-03-18,28.06
1997-03-19,28.13
1997-03-20,27.44
1997-03-21,27.38
1997-03-24,27.81
1997-03-25,27.25
1997-03-26,27.5
1997-03-27,27.44
1997-03-31,27.0
1997-04-01,26.63
1997-04-02,26.19
1997-04-03,26.0
1997-04-04,25.81
1997-04-07,26.13
1997-04-08,25.88
1997-04-09,25.88
1997-04-10,25.56
1997-04-11,25.0
1997-04-14,24.5
1997-04-15,25.13
1997-04-16,25.5
1997-04-17,25.81
1997-04-18,26.5
1997-04-21,26.31
1997-04-22,26.75
1997-04-23,26.5
1997-04-24,26.63
1997-04-25,26.5
1997-04-28,26.5
1997-04-29,26.81
1997-04-30,27.19
1997-05-01,27.44
1997-05-02,28.06
1997-05-05,28.25
1997-05-06,28.75
1997-05-07,28.38
1997-05-08,28.75
1997-05-09,28.81
1997-05-12,28.94
1997-05-13,28.75
1997-05-14,28.94
1997-05-15,29.13
1997-05-16,29.06
1997-05-19,29.0
1997-05-20,28.69
1997-05-21,28.06
1997-05-22,28.0
1997-05-23,28.56
1997-05-27,28.63
1997-05-28,28.31
1997-05-29,28.88
1997-05-30,29.06
1997-06-02,28.63
1997-06-03,28.69
1997-06-04,28.13
1997-06-05,28.31
1997-06-06,28.81
1997-06-09,28.69
1997-06-10,28.69
1997-06-11,28.88
1997-06-12,29.63
1997-06-13,29.88
1997-06-16,30.0
1997-06-17,29.5
1997-06-18,29.19
1997-06-19,29.56
1997-06-20,28.94
1997-06-23,28.75
1997-06-24,29.88
1997-06-25,29.47
1997-06-26,29.06
1997-06-27,29.03
1997-06-30,29.06
1997-07-01,29.5
1997-07-02,29.34
1997-07-03,29.59
1997-07-07,29.5
1997-07-08,29.69
1997-07-09,30.0
1997-07-10,30.38
1997-07-11,30.53
1997-07-14,30.38
1997-07-15,30.53
1997-07-16,31.0
1997-07-17,30.97
1997-07-18,30.66
1997-07-21,30.5
1997-07-22,30.91
1997-07-23,31.06
1997-07-24,31.06
1997-07-25,31.19
1997-07-28,31.34
1997-07-29,31.72
1997-07-30,32.03
1997-07-31,32.0
1997-08-01,32.22
1997-08-04,32.03
1997-08-05,32.13
1997-08-06,33.59
1997-08-07,32.97
1997-08-08,32.16
1997-08-11,32.38
1997-08-12,31.88
1997-08-13,31.78
1997-08-14,31.56
1997-08-15,31.0
1997-08-18,31.41
1997-08-19,31.72
1997-08-20,32.5
1997-08-21,31.66
1997-08-22,31.72
1997-08-25,31.72
1997-08-26,31.5
1997-08-27,32.06
1997-08-28,31.63
1997-08-29,31.5
1997-09-02,32.59
1997-09-03,32.53
1997-09-04,32.5
1997-09-05,32.59
1997-09-08,32.5
1997-09-09,32.69
1997-09-10,31.78
1997-09-11,31.28
1997-09-12,31.66
1997-09-15,31.56
1997-09-16,32.38
1997-09-17,32.0
1997-09-18,32.34
1997-09-19,31.97
1997-09-22,32.25
1997-09-23,31.69
1997-09-24,31.34
1997-09-25,31.19
1997-09-26,31.75
1997-09-29,31.88
1997-09-30,31.34
1997-10-01,31.41
1997-10-02,32.22
1997-10-03,31.84
1997-10-06,31.94
1997-10-07,32.25
1997-10-08,31.81
1997-10-09,32.06
1997-10-10,32.06
1997-10-13,31.78
1997-10-14,31.56
1997-10-15,31.69
1997-10-16,31.28
1997-10-17,30.88
1997-10-20,30.97
1997-10-21,31.06
1997-10-22,30.78
1997-10-23,30.03
1997-10-24,29.94
1997-10-27,27.31
1997-10-28,28.56
1997-10-29,28.13
1997-10-30,27.84
1997-10-31,28.31
1997-11-03,28.34
1997-11-04,28.5
1997-11-05,28.22
1997-11-06,28.44
1997-11-07,28.16
1997-11-10,27.97
1997-11-11,27.91
1997-11-12,27.13
1997-11-13,26.84
1997-11-14,27.0
1997-11-17,27.38
1997-11-18,27.53
1997-11-19,27.44
1997-11-20,27.75
1997-11-21,28.06
1997-11-24,28.0
1997-11-25,28.44
1997-11-26,28.63
1997-11-28,28.97
1997-12-01,29.44
1997-12-02,29.78
1997-12-03,29.5
1997-12-04,28.84
1997-12-05,29.09
1997-12-08,28.91
1997-12-09,28.66
1997-12-10,28.47
1997-12-11,28.25
1997-12-12,28.28
1997-12-15,28.5
1997-12-16,28.38
1997-12-17,28.69
1997-12-18,28.28
1997-12-19,27.94
1997-12-22,28.03
1997-12-23,28.03
1997-12-24,28.0
1997-12-26,28.06
1997-12-29,28.34
1997-12-30,29.25
1997-12-31,28.56
1998-01-02,28.75
1998-01-05,28.97
1998-01-06,28.84
1998-01-07,28.81
1998-01-08,28.44
1998-01-09,27.13
1998-01-12,27.13
1998-01-13,26.66
1998-01-14,27.22
1998-01-15,27.59
1998-01-16,28.06
1998-01-20,28.69
1998-01-21,28.5
1998-01-22,28.28
1998-01-23,27.19
1998-01-26,28.0
1998-01-27,28.53
1998-01-28,28.31
1998-01-29,28.38
1998-01-30,28.69
1998-02-02,29.56
1998-02-03,29.53
1998-02-04,29.81
1998-02-05,29.94
1998-02-06,30.75
1998-02-09,30.28
1998-02-10,30.09
1998-02-11,30.41
1998-02-12,30.69
1998-02-13,30.22
1998-02-17,30.5
1998-02-18,30.94
1998-02-19,30.59
1998-02-20,31.0
1998-02-23,31.38
1998-02-24,31.78
1998-02-25,31.56
1998-02-26,32.81
1998-02-27,32.41
1998-03-02,32.22
1998-03-03,32.47
1998-03-04,32.59
1998-03-05,32.63
1998-03-06,32.75
1998-03-09,32.63
1998-03-10,32.72
1998-03-11,32.75
1998-03-12,32.72
1998-03-13,32.25
1998-03-16,33.44
1998-03-17,32.72
1998-03-18,33.03
1998-03-19,33.34
1998-03-20,33.31
1998-03-23,33.75
1998-03-24,33.84
1998-03-25,34.03
1998-03-26,33.94
1998-03-27,33.5
1998-03-30,33.22
1998-03-31,33.97
1998-04-01,34.38
1998-04-02,34.5
1998-04-03,34.41
1998-04-06,33.94
1998-04-07,34.25
1998-04-08,34.09
1998-04-09,34.63
1998-04-13,34.25
1998-04-14,35.13
1998-04-15,35.25
1998-04-16,35.31
1998-04-17,36.5
1998-04-20,36.59
1998-04-21,36.63
1998-04-22,36.72
1998-04-23,35.84
1998-04-24,35.22
1998-04-27,35.09
1998-04-28,35.31
1998-04-29,35.22
1998-04-30,35.34
1998-05-01,35.66
1998-05-04,35.84
1998-05-05,35.94
1998-05-06,35.19
1998-05-07,35.06
1998-05-08,35.78
1998-05-11,36.13
1998-05-12,37.63
1998-05-13,38.16
1998-05-14,38.0
1998-05-15,37.91
1998-05-18,37.78
1998-05-19,38.06
1998-05-20,37.78
1998-05-21,37.69
1998-05-22,37.63
1998-05-26,36.78
1998-05-27,36.22
1998-05-28,36.75
1998-05-29,36.44
1998-06-01,36.63
1998-06-02,37.06
1998-06-03,36.94
1998-06-04,36.59
1998-06-05,37.5
1998-06-08,37.44
1998-06-09,37.5
1998-06-10,35.97
1998-06-11,35.88
1998-06-12,35.16
1998-06-15,34.56
1998-06-16,34.88
1998-06-17,34.78
1998-06-18,34.63
1998-06-19,32.75
1998-06-22,31.81
1998-06-23,32.91
1998-06-24,33.19
1998-06-25,32.97
1998-06-26,33.38
1998-06-29,33.5
1998-06-30,34.78
1998-07-01,35.0
1998-07-02,35.0
1998-07-06,35.25
1998-07-07,35.03
1998-07-08,35.06
1998-07-09,33.97
1998-07-10,34.09
1998-07-13,34.0
1998-07-14,34.84
1998-07-15,35.0
1998-07-16,34.38
1998-07-17,33.5
1998-07-20,33.75
1998-07-21,33.69
1998-07-22,33.38
1998-07-23,32.66
1998-07-24,32.75
1998-07-27,32.38
1998-07-28,32.47
1998-07-29,32.09
1998-07-30,32.88
1998-07-31,31.69
1998-08-03,31.5
1998-08-04,30.97
1998-08-05,30.34
1998-08-06,30.56
1998-08-07,30.88
1998-08-10,30.41
1998-08-11,29.66
1998-08-12,30.09
1998-08-13,29.53
1998-08-14,28.25
1998-08-17,29.38
1998-08-18,29.78
1998-08-19,29.91
1998-08-20,29.69
1998-08-21,28.63
1998-08-24,28.53
1998-08-25,28.81
1998-08-26,28.94
1998-08-27,27.59
1998-08-28,26.84
1998-08-31,25.5
1998-09-01,26.03
1998-09-02,25.78
1998-09-03,26.47
1998-09-04,26.34
1998-09-08,27.31
1998-09-09,26.94
1998-09-10,25.25
1998-09-11,26.25
1998-09-14,26.97
1998-09-15,27.69
1998-09-16,27.22
1998-09-17,26.44
1998-09-18,26.06
1998-09-21,26.03
1998-09-22,26.0
1998-09-23,26.53
1998-09-24,26.5
1998-09-25,26.31
1998-09-28,27.84
1998-09-29,28.31
1998-09-30,27.28
1998-10-01,26.13
1998-10-02,26.38
1998-10-05,26.38
1998-10-06,26.47
1998-10-07,27.0
1998-10-08,26.34
1998-10-09,28.25
1998-10-12,27.66
1998-10-13,27.16
1998-10-14,26.94
1998-10-15,30.0
1998-10-16,30.06
1998-10-19,30.44
1998-10-20,29.88
1998-10-21,28.94
1998-10-22,28.31
1998-10-23,28.09
1998-10-26,27.69
1998-10-27,27.03
1998-10-28,26.66
1998-10-29,27.66
1998-10-30,28.63
1998-11-02,29.41
1998-11-03,29.63
1998-11-04,29.81
1998-11-05,31.0
1998-11-06,30.75
1998-11-09,30.06
1998-11-10,29.28
1998-11-11,29.0
1998-11-12,29.28
1998-11-13,29.53
1998-11-16,30.22
1998-11-17,30.25
1998-11-18,30.47
1998-11-19,30.47
1998-11-20,30.53
1998-11-23,31.28
1998-11-24,30.88
1998-11-25,30.88
1998-11-27,31.03
1998-11-30,30.59
1998-12-01,30.41
1998-12-02,30.06
1998-12-03,29.69
1998-12-04,29.88
1998-12-07,30.81
1998-12-08,29.84
1998-12-09,28.97
1998-12-10,29.13
1998-12-11,28.59
1998-12-14,28.44
1998-12-15,27.88
1998-12-16,27.75
1998-12-17,28.78
1998-12-18,27.94
1998-12-21,28.25
1998-12-22,27.84
1998-12-23,29.06
1998-12-24,29.34
1998-12-28,28.94
1998-12-29,29.91
1998-12-30,29.44
1998-12-31,29.09
1999-01-04,29.94
1999-01-05,30.41
1999-01-06,31.0
1999-01-07,30.5
1999-01-08,31.75
1999-01-11,31.0
1999-01-12,30.34
1999-01-13,29.19
1999-01-14,28.88
1999-01-15,29.25
1999-01-19,29.06
1999-01-20,28.28
1999-01-21,28.44
1999-01-22,27.81
1999-01-25,27.72
1999-01-26,27.5
1999-01-27,27.06
1999-01-28,27.03
1999-01-29,26.88
1999-02-01,26.75
1999-02-02,26.72
1999-02-03,26.53
1999-02-04,26.38
1999-02-05,27.34
1999-02-08,27.31
1999-02-09,27.22
1999-02-10,27.19
1999-02-11,27.47
1999-02-12,27.19
1999-02-16,26.63
1999-02-17,26.06
1999-02-18,25.38
1999-02-19,25.47
1999-02-22,25.72
1999-02-23,26.16
1999-02-24,26.22
1999-02-25,25.97
1999-02-26,26.03
1999-03-01,25.78
1999-03-02,25.75
1999-03-03,25.41
1999-03-04,25.91
1999-03-05,26.69
1999-03-08,26.34
1999-03-09,26.31
1999-03-10,26.81
1999-03-11,26.0
1999-03-12,26.56
1999-03-15,26.53
1999-03-16,26.28
1999-03-17,25.56
1999-03-18,25.97
1999-03-19,25.53
1999-03-22,25.5
1999-03-23,24.84
1999-03-24,24.88
1999-03-25,25.53
1999-03-26,25.25
1999-03-29,26.03
1999-03-30,26.0
1999-03-31,25.63
1999-04-01,24.97
1999-04-05,25.5
1999-04-06,24.88
1999-04-07,24.94
1999-04-08,25.06
1999-04-09,24.03
1999-04-12,24.69
1999-04-13,25.41
1999-04-14,26.97
1999-04-15,29.44
1999-04-16,29.28
1999-04-19,31.19
1999-04-20,30.25
1999-04-21,29.81
1999-04-22,29.09
1999-04-23,29.78
1999-04-26,29.59
1999-04-27,29.75
1999-04-28,30.94
1999-04-29,32.41
1999-04-30,32.47
1999-05-03,34.16
1999-05-04,33.31
1999-05-05,33.66
1999-05-06,34.69
1999-05-07,34.72
1999-05-10,34.5
1999-05-11,34.31
1999-05-12,34.44
1999-05-13,34.84
1999-05-14,34.69
1999-05-17,33.88
1999-05-18,33.03
1999-05-19,32.59
1999-05-20,32.09
1999-05-21,31.84
1999-05-24,31.75
1999-05-25,31.72
1999-05-26,31.19
1999-05-27,30.28
1999-05-28,30.34
1999-06-01,31.72
1999-06-02,31.34
1999-06-03,31.5
1999-06-04,32.06
1999-06-07,31.78
1999-06-08,31.47
1999-06-09,30.59
1999-06-10,30.84
1999-06-11,30.81
1999-06-14,32.09
1999-06-15,32.06
1999-06-16,32.03
1999-06-17,31.72
1999-06-18,31.75
1999-06-21,31.22
1999-06-22,30.84
1999-06-23,32.03
1999-06-24,30.88
1999-06-25,30.84
1999-06-28,30.78
1999-06-29,30.41
1999-06-30,29.53
1999-07-01,30.0
1999-07-02,30.41
1999-07-06,29.97
1999-07-07,30.0
1999-07-08,30.13
1999-07-09,30.72
1999-07-12,30.34
1999-07-13,30.19
1999-07-14,29.63
1999-07-15,30.13
1999-07-16,30.69
1999-07-19,30.34
1999-07-20,30.09
1999-07-21,29.81
1999-07-22,30.59
1999-07-23,29.69
1999-07-26,30.09
1999-07-27,30.09
1999-07-28,30.25
1999-07-29,29.94
1999-07-30,29.81
1999-08-02,30.56
1999-08-03,30.53
1999-08-04,30.72
1999-08-05,31.06
1999-08-06,31.38
1999-08-09,31.31
1999-08-10,30.66
1999-08-11,31.63
1999-08-12,31.03
1999-08-13,31.16
1999-08-16,31.06
1999-08-17,31.53
1999-08-18,31.53
1999-08-19,31.66
1999-08-20,32.81
1999-08-23,33.5
1999-08-24,32.41
1999-08-25,32.0
1999-08-26,31.44
1999-08-27,31.47
1999-08-30,30.72
1999-08-31,30.03
1999-09-01,30.59
1999-09-02,31.19
1999-09-03,31.59
1999-09-07,31.63
1999-09-08,31.81
1999-09-09,31.47
1999-09-10,32.06
1999-09-13,32.38
1999-09-14,31.69
1999-09-15,31.47
1999-09-16,31.25
1999-09-17,31.09
1999-09-20,31.53
1999-09-21,30.81
1999-09-22,30.31
1999-09-23,29.69
1999-09-24,29.22
1999-09-27,29.5
1999-09-28,28.78
1999-09-29,29.13
1999-09-30,30.0
1999-10-01,29.91
1999-10-04,30.5
1999-10-05,29.91
1999-10-06,29.66
1999-10-07,30.75
1999-10-08,31.09
1999-10-11,30.41
1999-10-12,29.97
1999-10-13,29.22
1999-10-14,29.06
1999-10-15,28.5
1999-10-18,29.22
1999-10-19,28.84
1999-10-20,28.5
1999-10-21,28.56
1999-10-22,28.72
1999-10-25,29.13
1999-10-26,29.25
1999-10-27,29.56
1999-10-28,29.94
1999-10-29,30.31
1999-11-01,29.88
1999-11-02,29.53
1999-11-03,29.84
1999-11-04,30.19
1999-11-05,30.13
1999-11-08,29.34
1999-11-09,29.34
1999-11-10,29.47
1999-11-11,29.53
1999-11-12,29.63
1999-11-15,30.06
1999-11-16,29.97
1999-11-17,30.25
1999-11-18,29.97
1999-11-19,30.06
1999-11-22,29.69
1999-11-23,28.94
1999-11-24,29.22
1999-11-26,28.91
1999-11-29,28.63
1999-11-30,29.28
1999-12-01,28.91
1999-12-02,29.5
1999-12-03,30.16
1999-12-06,29.22
1999-12-07,28.44
1999-12-08,28.56
1999-12-09,28.03
1999-12-10,28.53
1999-12-13,28.72
1999-12-14,29.5
1999-12-15,29.47
1999-12-16,29.63
1999-12-17,29.63
1999-12-20,29.16
1999-12-21,28.94
1999-12-22,29.03
1999-12-23,29.72
1999-12-27,29.94
1999-12-28,30.81
1999-12-29,31.22
1999-12-30,31.13
1999-12-31,31.28
2000-01-03,30.0
2000-01-04,28.97
2000-01-05,30.06
2000-01-06,31.5
2000-01-07,32.06
2000-01-10,31.06
2000-01-11,30.94
2000-01-12,31.41
2000-01-13,32.19
2000-01-14,31.5
2000-01-18,30.75
2000-01-19,30.16
2000-01-20,28.94
2000-01-21,29.31
2000-01-24,29.0
2000-01-25,28.28
2000-01-26,28.72
2000-01-27,29.06
2000-01-28,28.34
2000-01-31,27.53
2000-02-01,28.03
2000-02-02,27.53
2000-02-03,27.38
2000-02-04,27.03
2000-02-07,26.16
2000-02-08,25.94
2000-02-09,25.5
2000-02-10,25.25
2000-02-11,24.31
2000-02-14,25.31
2000-02-15,26.25
2000-02-16,26.41
2000-02-17,26.25
2000-02-18,25.53
2000-02-22,26.31
2000-02-23,26.69
2000-02-24,25.13
2000-02-25,24.53
2000-02-28,24.53
2000-02-29,24.69
2000-03-01,24.16
2000-03-02,23.56
2000-03-03,24.53
2000-03-06,24.0
2000-03-07,23.25
2000-03-08,23.03
2000-03-09,22.78
2000-03-10,23.34
2000-03-13,22.97
2000-03-14,23.0
2000-03-15,25.09
2000-03-16,26.41
2000-03-17,25.03
2000-03-20,25.53
2000-03-21,26.09
2000-03-22,24.91
2000-03-23,25.19
2000-03-24,25.28
2000-03-27,24.75
2000-03-28,24.88
2000-03-29,25.44
2000-03-30,26.56
2000-03-31,26.16
2000-04-03,26.5
2000-04-04,26.91
2000-04-05,26.34
2000-04-06,26.41
2000-04-07,26.03
2000-04-10,25.97
2000-04-11,27.03
2000-04-12,28.56
2000-04-13,28.03
2000-04-14,26.59
2000-04-17,26.63
2000-04-18,25.59
2000-04-19,25.31
2000-04-20,26.5
2000-04-24,27.16
2000-04-25,27.97
2000-04-26,27.19
2000-04-27,26.88
2000-04-28,27.19
2000-05-01,27.25
2000-05-02,27.19
2000-05-03,26.31
2000-05-04,26.69
2000-05-05,27.56
2000-05-08,27.44
2000-05-09,27.75
2000-05-10,27.28
2000-05-11,27.91
2000-05-12,27.56
2000-05-15,28.41
2000-05-16,28.31
2000-05-17,27.72
2000-05-18,27.72
2000-05-19,27.59
2000-05-22,27.59
2000-05-23,27.25
2000-05-24,27.5
2000-05-25,25.69
2000-05-26,25.53
2000-05-30,25.94
2000-05-31,24.78
2000-06-01,24.94
2000-06-02,25.0
2000-06-05,24.5
2000-06-06,24.19
2000-06-07,24.09
2000-06-08,23.94
2000-06-09,23.97
2000-06-12,24.31
2000-06-13,23.72
2000-06-14,24.06
2000-06-15,23.5
2000-06-16,23.28
2000-06-19,22.28
2000-06-20,21.75
2000-06-21,21.06
2000-06-22,21.5
2000-06-23,21.53
2000-06-26,21.5
2000-06-27,22.34
2000-06-28,22.63
2000-06-29,22.5
2000-06-30,22.14
2000-07-03,22.97
2000-07-05,22.44
2000-07-06,21.97
2000-07-07,21.84
2000-07-10,21.81
2000-07-11,22.75
2000-07-12,22.41
2000-07-13,22.97
2000-07-14,22.66
2000-07-17,21.97
2000-07-18,21.81
2000-07-19,21.34
2000-07-20,21.06
2000-07-21,21.41
2000-07-24,21.22
2000-07-25,21.28
2000-07-26,20.72
2000-07-27,20.66
2000-07-28,20.34
2000-07-31,20.34
2000-08-01,20.38
2000-08-02,20.5
2000-08-03,20.38
2000-08-04,20.22
2000-08-07,21.09
2000-08-08,21.08
2000-08-09,21.34
2000-08-10,20.66
2000-08-11,21.28
2000-08-14,21.22
2000-08-15,21.59
2000-08-16,21.72
2000-08-17,21.47
2000-08-18,21.53
2000-08-21,21.25
2000-08-22,21.41
2000-08-23,21.13
2000-08-24,21.09
2000-08-25,21.38
2000-08-28,21.44
2000-08-29,21.0
2000-08-30,20.63
2000-08-31,20.25
2000-09-01,20.23
2000-09-05,20.41
2000-09-06,20.84
2000-09-07,20.25
2000-09-08,19.81
2000-09-11,19.91
2000-09-12,20.0
2000-09-13,19.88
2000-09-14,19.56
2000-09-15,19.06
2000-09-18,18.81
2000-09-19,18.47
2000-09-20,18.16
2000-09-21,18.38
2000-09-22,18.56
2000-09-25,18.28
2000-09-26,18.06
2000-09-27,18.84
2000-09-28,19.38
2000-09-29,19.84
2000-10-02,19.72
2000-10-03,20.09
2000-10-04,20.56
2000-10-05,20.25
2000-10-06,20.22
2000-10-09,20.34
2000-10-10,20.25
2000-10-11,19.88
2000-10-12,19.06
2000-10-13,19.0
2000-10-16,19.31
2000-10-17,18.81
2000-10-18,19.0
2000-10-19,19.28
2000-10-20,18.75
2000-10-23,18.84
2000-10-24,19.56
2000-10-25,18.97
2000-10-26,19.59
2000-10-27,20.0
2000-10-30,21.91
2000-10-31,22.31
2000-11-01,22.06
2000-11-02,22.5
2000-11-03,22.72
2000-11-06,22.5
2000-11-07,22.63
2000-11-08,22.84
2000-11-09,22.59
2000-11-10,22.16
2000-11-13,22.19
2000-11-14,22.44
2000-11-15,22.69
2000-11-16,21.84
2000-11-17,21.66
2000-11-20,20.97
2000-11-21,20.88
2000-11-22,20.75
2000-11-24,20.88
2000-11-27,20.75
2000-11-28,20.5
2000-11-29,20.75
2000-11-30,20.84
2000-12-01,21.53
2000-12-04,22.28
2000-12-05,22.69
2000-12-06,22.09
2000-12-07,21.0
2000-12-08,21.81
2000-12-11,21.5
2000-12-12,21.25
2000-12-13,20.69
2000-12-14,21.09
2000-12-15,20.72
2000-12-18,21.09
2000-12-19,21.81
2000-12-20,21.22
2000-12-21,21.75
2000-12-22,22.63
2000-12-26,22.53
2000-12-27,23.41
2000-12-28,23.66
2000-12-29,23.16
2001-01-02,22.72
2001-01-03,22.75
2001-01-04,24.44
2001-01-05,24.0
2001-01-08,24.28
2001-01-09,23.41
2001-01-10,23.13
2001-01-11,22.44
2001-01-12,22.44
2001-01-16,23.03
2001-01-17,22.47
2001-01-18,22.5
2001-01-19,21.97
2001-01-22,22.19
2001-01-23,22.31
2001-01-24,22.56
2001-01-25,22.97
2001-01-26,22.59
2001-01-29,22.73
2001-01-30,22.9
2001-01-31,23.09
2001-02-01,23.43
2001-02-02,23.84
2001-02-05,24.63
2001-02-06,24.87
2001-02-07,24.48
2001-02-08,24.85
2001-02-09,24.83
2001-02-12,25.14
2001-02-13,25.1
2001-02-14,25.18
2001-02-15,25.5
2001-02-16,24.8
2001-02-20,25.0
2001-02-21,24.72
2001-02-22,24.97
2001-02-23,24.75
2001-02-26,25.59
2001-02-27,25.42
2001-02-28,25.55
2001-03-01,25.59
2001-03-02,26.19
2001-03-05,26.7
2001-03-06,26.7
2001-03-07,27.46
2001-03-08,27.74
2001-03-09,27.75
2001-03-12,27.35
2001-03-13,26.33
2001-03-14,25.57
2001-03-15,25.37
2001-03-16,24.95
2001-03-19,25.57
2001-03-20,25.26
2001-03-21,24.48
2001-03-22,23.56
2001-03-23,22.98
2001-03-26,23.3
2001-03-27,23.48
2001-03-28,23.49
2001-03-29,23.19
2001-03-30,23.05
2001-04-02,23.7
2001-04-03,22.9
2001-04-04,23.94
2001-04-05,24.58
2001-04-06,24.01
2001-04-09,24.22
2001-04-10,25.16
2001-04-11,24.97
2001-04-12,25.13
2001-04-16,25.08
2001-04-17,25.1
2001-04-18,26.02
2001-04-19,26.32
2001-04-20,26.43
2001-04-23,26.39
2001-04-24,26.44
2001-04-25,26.7
2001-04-26,27.17
2001-04-27,26.86
2001-04-30,26.58
2001-05-01,26.58
2001-05-02,27.04
2001-05-03,27.03
2001-05-04,27.65
2001-05-07,27.37
2001-05-08,27.47
2001-05-09,27.56
2001-05-10,27.88
2001-05-11,27.69
2001-05-14,28.19
2001-05-15,28.39
2001-05-16,29.61
2001-05-17,29.56
2001-05-18,29.5
2001-05-21,29.77
2001-05-22,29.53
2001-05-23,29.08
2001-05-24,27.93
2001-05-25,27.89
2001-05-29,28.12
2001-05-30,27.75
2001-05-31,27.8
2001-06-01,27.39
2001-06-04,27.55
2001-06-05,27.75
2001-06-06,27.6
2001-06-07,27.69
2001-06-08,27.38
2001-06-11,27.09
2001-06-12,27.05
2001-06-13,27.15
2001-06-14,26.42
2001-06-15,26.09
2001-06-18,26.02
2001-06-19,26.45
2001-06-20,26.6
2001-06-21,26.37
2001-06-22,25.75
2001-06-25,25.63
2001-06-26,25.88
2001-06-27,25.98
2001-06-28,25.93
2001-06-29,26.29
2001-07-02,26.51
2001-07-03,26.36
2001-07-05,26.54
2001-07-06,25.89
2001-07-09,26.43
2001-07-10,26.08
2001-07-11,26.17
2001-07-12,26.83
2001-07-13,26.48
2001-07-16,26.14
2001-07-17,26.18
2001-07-18,26.8
2001-07-19,27.33
2001-07-20,27.27
2001-07-23,26.71
2001-07-24,25.93
2001-07-25,26.98
2001-07-26,26.9
2001-07-27,27.01
2001-07-30,26.68
2001-07-31,27.48
2001-08-01,27.32
2001-08-02,27.74
2001-08-03,27.71
2001-08-06,27.6
2001-08-07,27.75
2001-08-08,27.1
2001-08-09,26.99
2001-08-10,27.27
2001-08-13,27.39
2001-08-14,27.45
2001-08-15,27.11
2001-08-16,27.04
2001-08-17,26.63
2001-08-20,26.25
2001-08-21,26.46
2001-08-22,26.74
2001-08-23,26.76
2001-08-24,27.39
2001-08-27,27.43
2001-08-28,27.04
2001-08-29,26.67
2001-08-30,26.44
2001-08-31,27.06
2001-09-04,27.51
2001-09-05,27.44
2001-09-06,27.11
2001-09-07,25.94
2001-09-10,25.44
2001-09-17,22.55
2001-09-18,22.5
2001-09-19,22.31
2001-09-20,20.97
2001-09-21,20.36
2001-09-24,21.5
2001-09-25,21.54
2001-09-26,21.25
2001-09-27,21.53
2001-09-28,22.88
2001-10-01,22.77
2001-10-02,23.07
2001-10-03,23.68
2001-10-04,23.51
2001-10-05,23.75
2001-10-08,23.16
2001-10-09,23.5
2001-10-10,24.15
2001-10-11,25.34
2001-10-12,24.82
2001-10-15,24.71
2001-10-16,24.92
2001-10-17,24.58
2001-10-18,24.27
2001-10-19,24.21
2001-10-22,25.15
2001-10-23,25.1
2001-10-24,25.0
2001-10-25,25.43
2001-10-26,25.62
2001-10-29,24.93
2001-10-30,24.34
2001-10-31,24.42
2001-11-01,25.0
2001-11-02,25.73
2001-11-05,25.78
2001-11-06,26.37
2001-11-07,26.11
2001-11-08,25.88
2001-11-09,26.06
2001-11-12,25.53
2001-11-13,26.26
2001-11-14,26.89
2001-11-15,27.08
2001-11-16,27.04
2001-11-19,27.44
2001-11-20,27.26
2001-11-21,26.97
2001-11-23,27.37
2001-11-26,27.2
2001-11-27,27.06
2001-11-28,26.55
2001-11-29,26.67
2001-11-30,26.89
2001-12-03,26.52
2001-12-04,26.81
2001-12-05,27.6
2001-12-06,27.42
2001-12-07,26.62
2001-12-10,26.0
2001-12-11,26.13
2001-12-12,25.63
2001-12-13,25.15
2001-12-14,24.95
2001-12-17,25.35
2001-12-18,26.0
2001-12-19,25.82
2001-12-20,25.9
2001-12-21,25.29
2001-12-24,25.44
2001-12-26,25.4
2001-12-27,25.4
2001-12-28,25.57
2001-12-31,25.86
2002-01-02,25.68
2002-01-03,26.12
2002-01-04,26.91
2002-01-07,26.87
2002-01-08,26.5
2002-01-09,26.37
2002-01-10,25.53
2002-01-11,25.11
2002-01-14,24.21
2002-01-15,24.19
2002-01-16,23.3
2002-01-17,22.87
2002-01-18,22.56
2002-01-22,22.61
2002-01-23,23.24
2002-01-24,23.4
2002-01-25,24.1
2002-01-28,23.74
2002-01-29,23.27
2002-01-30,23.66
2002-01-31,24.3
2002-02-01,24.06
2002-02-04,23.59
2002-02-05,23.19
2002-02-06,23.36
2002-02-07,23.27
2002-02-08,23.43
2002-02-11,24.45
2002-02-12,24.33
2002-02-13,24.45
2002-02-14,24.16
2002-02-15,24.53
2002-02-19,23.8
2002-02-20,24.5
2002-02-21,24.8
2002-02-22,25.2
2002-02-25,25.38
2002-02-26,25.52
2002-02-27,25.6
2002-02-28,25.68
2002-03-01,26.3
2002-03-04,27.15
2002-03-05,26.21
2002-03-06,26.65
2002-03-07,27.0
2002-03-08,27.19
2002-03-11,27.1
2002-03-12,27.26
2002-03-13,26.9
2002-03-14,27.34
2002-03-15,27.64
2002-03-18,27.69
2002-03-19,27.89
2002-03-20,28.27
2002-03-21,27.36
2002-03-22,26.93
2002-03-25,26.34
2002-03-26,26.96
2002-03-27,27.65
2002-03-28,27.46
2002-04-01,27.25
2002-04-02,27.22
2002-04-03,26.95
2002-04-04,26.38
2002-04-05,26.83
2002-04-08,26.95
2002-04-09,27.08
2002-04-10,27.46
2002-04-11,27.14
2002-04-12,27.18
2002-04-15,26.91
2002-04-16,27.67
2002-04-17,27.45
2002-04-18,26.51
2002-04-19,26.75
2002-04-22,26.38
2002-04-23,26.12
2002-04-24,26.17
2002-04-25,25.92
2002-04-26,26.06
2002-04-29,25.63
2002-04-30,26.16
2002-05-01,26.11
2002-05-02,26.89
2002-05-03,26.94
2002-05-06,27.01
2002-05-07,27.58
2002-05-08,27.81
2002-05-09,27.83
2002-05-10,27.73
2002-05-13,27.9
2002-05-14,28.55
2002-05-15,28.98
2002-05-16,28.79
2002-05-17,28.83
2002-05-20,28.72
2002-05-21,28.65
2002-05-22,28.8
2002-05-23,29.17
2002-05-24,28.99
2002-05-28,28.67
2002-05-29,28.41
2002-05-30,28.15
2002-05-31,28.59
2002-06-03,28.26
2002-06-04,27.56
2002-06-05,28.27
2002-06-06,27.76
2002-06-07,28.05
2002-06-10,28.63
2002-06-11,28.15
2002-06-12,28.84
2002-06-13,28.56
2002-06-14,28.47
2002-06-17,29.18
2002-06-18,29.33
2002-06-19,29.79
2002-06-20,29.95
2002-06-21,29.7
2002-06-24,29.85
2002-06-25,29.99
2002-06-26,29.78
2002-06-27,29.57
2002-06-28,30.95
2002-07-01,30.53
2002-07-02,30.47
2002-07-03,29.96
2002-07-05,29.96
2002-07-08,31.22
2002-07-09,31.04
2002-07-10,30.05
2002-07-11,29.8
2002-07-12,29.02
2002-07-15,27.9
2002-07-16,27.85
2002-07-17,28.15
2002-07-18,28.06
2002-07-19,25.83
2002-07-22,24.64
2002-07-23,24.54
2002-07-24,26.56
2002-07-25,28.22
2002-07-26,28.0
2002-07-29,29.75
2002-07-30,28.11
2002-07-31,28.7
2002-08-01,28.58
2002-08-02,26.98
2002-08-05,27.07
2002-08-06,28.19
2002-08-07,28.96
2002-08-08,29.1
2002-08-09,28.94
2002-08-12,28.78
2002-08-13,28.37
2002-08-14,28.63
2002-08-15,28.65
2002-08-16,28.5
2002-08-19,29.26
2002-08-20,28.55
2002-08-21,28.64
2002-08-22,29.0
2002-08-23,28.27
2002-08-26,28.5
2002-08-27,28.38
2002-08-28,27.76
2002-08-29,27.88
2002-08-30,28.14
2002-09-03,27.51
2002-09-04,27.87
2002-09-05,26.8
2002-09-06,27.0
2002-09-09,27.19
2002-09-10,26.88
2002-09-11,26.85
2002-09-12,25.96
2002-09-13,25.74
2002-09-16,25.71
2002-09-17,25.37
2002-09-18,25.26
2002-09-19,24.7
2002-09-20,25.11
2002-09-23,24.85
2002-09-24,23.67
2002-09-25,23.63
2002-09-26,23.75
2002-09-27,23.04
2002-09-30,22.35
2002-10-01,23.73
2002-10-02,22.45
2002-10-03,22.52
2002-10-04,21.86
2002-10-07,21.39
2002-10-08,22.05
2002-10-09,20.71
2002-10-10,22.95
2002-10-11,24.15
2002-10-14,23.51
2002-10-15,25.23
2002-10-16,23.82
2002-10-17,25.46
2002-10-18,24.87
2002-10-21,26.4
2002-10-22,25.25
2002-10-23,25.1
2002-10-24,24.31
2002-10-25,24.51
2002-10-28,24.0
2002-10-29,23.2
2002-10-30,23.35
2002-10-31,23.52
2002-11-01,24.48
2002-11-04,24.35
2002-11-05,24.41
2002-11-06,25.11
2002-11-07,24.1
2002-11-08,23.64
2002-11-11,23.05
2002-11-12,23.91
2002-11-13,23.65
2002-11-14,24.41
2002-11-15,24.48
2002-11-18,23.92
2002-11-19,24.01
2002-11-20,24.3
2002-11-21,24.01
2002-11-22,23.4
2002-11-25,23.54
2002-11-26,23.49
2002-11-27,24.55
2002-11-29,25.04
2002-12-02,24.37
2002-12-03,24.08
2002-12-04,23.94
2002-12-05,23.72
2002-12-06,24.03
2002-12-09,23.67
2002-12-10,24.03
2002-12-11,24.19
2002-12-12,24.37
2002-12-13,24.25
2002-12-16,25.3
2002-12-17,25.23
2002-12-18,24.67
2002-12-19,24.48
2002-12-20,24.95
2002-12-23,24.79
2002-12-24,24.75
2002-12-26,24.82
2002-12-27,24.73
2002-12-30,25.06
2002-12-31,25.08
2003-01-02,25.84
2003-01-03,25.81
2003-01-06,26.23
2003-01-07,26.05
2003-01-08,25.56
2003-01-09,26.1
2003-01-10,26.33
2003-01-13,26.05
2003-01-14,26.15
2003-01-15,25.93
2003-01-16,26.31
2003-01-17,26.06
2003-01-21,25.46
2003-01-22,25.11
2003-01-23,25.47
2003-01-24,24.78
2003-01-27,24.04
2003-01-28,24.44
2003-01-29,24.46
2003-01-30,23.7
2003-01-31,24.42
2003-02-03,24.55
2003-02-04,24.39
2003-02-05,24.4
2003-02-06,24.13
2003-02-07,23.85
2003-02-10,24.04
2003-02-11,23.71
2003-02-12,23.5
2003-02-13,23.49
2003-02-14,23.69
2003-02-18,24.24
2003-02-19,23.95
2003-02-20,23.55
2003-02-21,23.96
2003-02-24,23.38
2003-02-25,23.23
2003-02-26,23.31
2003-02-27,23.42
2003-02-28,23.2
2003-03-03,23.09
2003-03-04,22.33
2003-03-05,22.21
2003-03-06,21.65
2003-03-07,21.82
2003-03-10,21.44
2003-03-11,21.32
2003-03-12,21.74
2003-03-13,22.47
2003-03-14,22.55
2003-03-17,23.21
2003-03-18,23.7
2003-03-19,23.72
2003-03-20,23.71
2003-03-21,25.0
2003-03-24,23.83
2003-03-25,23.86
2003-03-26,23.62
2003-03-27,23.34
2003-03-28,23.26
2003-03-31,22.54
2003-04-01,23.14
2003-04-02,23.77
2003-04-03,23.11
2003-04-04,23.07
2003-04-07,23.4
2003-04-08,22.93
2003-04-09,22.5
2003-04-10,22.96
2003-04-11,22.81
2003-04-14,22.94
2003-04-15,23.18
2003-04-16,22.75
2003-04-17,23.04
2003-04-21,23.01
2003-04-22,23.68
2003-04-23,23.93
2003-04-24,23.74
2003-04-25,23.09
2003-04-28,23.83
2003-04-29,24.03
2003-04-30,24.26
2003-05-01,24.22
2003-05-02,24.47
2003-05-05,24.34
2003-05-06,24.39
2003-05-07,24.06
2003-05-08,23.45
2003-05-09,23.71
2003-05-12,24.08
2003-05-13,24.09
2003-05-14,23.78
2003-05-15,24.03
2003-05-16,24.05
2003-05-19,23.64
2003-05-20,23.64
2003-05-21,23.77
2003-05-22,23.94
2003-05-23,23.95
2003-05-27,24.38
2003-05-28,24.39
2003-05-29,24.06
2003-05-30,24.32
2003-06-02,24.51
2003-06-03,24.64
2003-06-04,25.29
2003-06-05,25.03
2003-06-06,24.85
2003-06-09,24.42
2003-06-10,24.6
2003-06-11,25.0
2003-06-12,25.52
2003-06-13,25.24
2003-06-16,25.68
2003-06-17,25.97
2003-06-18,25.6
2003-06-19,25.63
2003-06-20,25.79
2003-06-23,25.44
2003-06-24,25.5
2003-06-25,25.44
2003-06-26,25.85
2003-06-27,25.5
2003-06-30,25.37
2003-07-01,24.85
2003-07-02,25.0
2003-07-03,24.58
2003-07-07,25.13
2003-07-08,25.12
2003-07-09,24.95
2003-07-10,24.7
2003-07-11,24.92
2003-07-14,25.01
2003-07-15,25.1
2003-07-16,25.09
2003-07-17,25.62
2003-07-18,26.21
2003-07-21,26.5
2003-07-22,26.97
2003-07-23,26.79
2003-07-24,27.0
2003-07-25,27.75
2003-07-28,27.75
2003-07-29,27.82
2003-07-30,27.95
2003-07-31,28.24
2003-08-01,27.79
2003-08-04,27.56
2003-08-05,27.26
2003-08-06,27.12
2003-08-07,26.48
2003-08-08,26.87
2003-08-11,26.88
2003-08-12,27.19
2003-08-13,27.08
2003-08-14,27.43
2003-08-15,27.45
2003-08-18,27.88
2003-08-19,28.12
2003-08-20,27.96
2003-08-21,28.1
2003-08-22,27.69
2003-08-25,27.56
2003-08-26,27.41
2003-08-27,27.28
2003-08-28,27.54
2003-08-29,27.54
2003-09-02,27.73
2003-09-03,27.94
2003-09-04,27.6
2003-09-05,27.39
2003-09-08,27.72
2003-09-09,27.24
2003-09-10,26.67
2003-09-11,26.7
2003-09-12,27.22
2003-09-15,26.82
2003-09-16,27.29
2003-09-17,27.08
2003-09-18,27.47
2003-09-19,27.43
2003-09-22,26.94
2003-09-23,27.28
2003-09-24,26.47
2003-09-25,26.24
2003-09-26,26.12
2003-09-29,26.56
2003-09-30,26.11
2003-10-01,26.48
2003-10-02,26.67
2003-10-03,27.04
2003-10-06,27.28
2003-10-07,27.5
2003-10-08,27.42
2003-10-09,27.39
2003-10-10,27.14
2003-10-13,27.64
2003-10-14,27.52
2003-10-15,27.66
2003-10-16,27.67
2003-10-17,27.84
2003-10-20,27.84
2003-10-21,27.88
2003-10-22,27.5
2003-10-23,27.86
2003-10-24,27.97
2003-10-27,28.04
2003-10-28,28.43
2003-10-29,28.53
2003-10-30,29.09
2003-10-31,28.83
2003-11-03,29.12
2003-11-04,29.07
2003-11-05,29.02
2003-11-06,28.94
2003-11-07,29.14
2003-11-10,28.78
2003-11-11,29.0
2003-11-12,29.16
2003-11-13,29.1
2003-11-14,29.05
2003-11-17,28.71
2003-11-18,28.42
2003-11-19,28.63
2003-11-20,28.34
2003-11-21,28.4
2003-11-24,29.08
2003-11-25,29.06
2003-11-26,29.35
2003-11-28,29.24
2003-12-01,30.56
2003-12-02,30.18
2003-12-03,30.2
2003-12-04,30.48
2003-12-05,30.14
2003-12-08,30.64
2003-12-09,31.24
2003-12-10,30.62
2003-12-11,30.81
2003-12-12,31.37
2003-12-15,31.36
2003-12-16,31.52
2003-12-17,31.62
2003-12-18,31.95
2003-12-19,31.6
2003-12-22,31.88
2003-12-23,31.73
2003-12-24,31.66
2003-12-26,31.96
2003-12-29,32.21
2003-12-30,31.78
2003-12-31,32.01
2004-01-02,31.82
2004-01-05,32.3
2004-01-06,31.98
2004-01-07,31.82
2004-01-08,32.08
2004-01-09,31.39
2004-01-12,31.75
2004-01-13,31.7
2004-01-14,31.77
2004-01-15,31.67
2004-01-16,30.72
2004-01-20,30.33
2004-01-21,30.22
2004-01-22,29.65
2004-01-23,29.37
2004-01-26,29.56
2004-01-27,29.5
2004-01-28,29.3
2004-01-29,29.02
2004-01-30,29.12
2004-02-02,29.02
2004-02-03,28.58
2004-02-04,28.45
2004-02-05,28.87
2004-02-06,29.35
2004-02-09,29.6
2004-02-10,29.97
2004-02-11,30.35
2004-02-12,30.06
2004-02-13,29.5
2004-02-17,29.71
2004-02-18,29.4
2004-02-19,29.67
2004-02-20,29.45
2004-02-23,29.46
2004-02-24,29.44
2004-02-25,29.76
2004-02-26,29.4
2004-02-27,29.35
2004-03-01,29.7
2004-03-02,29.35
2004-03-03,29.27
2004-03-04,29.33
2004-03-05,29.27
2004-03-08,29.2
2004-03-09,28.95
2004-03-10,28.17
2004-03-11,28.2
2004-03-12,28.85
2004-03-15,28.28
2004-03-16,28.41
2004-03-17,28.64
2004-03-18,28.27
2004-03-19,28.09
2004-03-22,27.73
2004-03-23,27.8
2004-03-24,27.59
2004-03-25,28.26
2004-03-26,28.09
2004-03-29,28.84
2004-03-30,28.96
2004-03-31,29.15
2004-04-01,29.59
2004-04-02,30.04
2004-04-05,29.99
2004-04-06,29.96
2004-04-07,29.67
2004-04-08,29.87
2004-04-12,29.99
2004-04-13,29.65
2004-04-14,29.71
2004-04-15,30.36
2004-04-16,30.63
2004-04-19,30.96
2004-04-20,30.5
2004-04-21,30.67
2004-04-22,31.26
2004-04-23,31.04
2004-04-26,30.96
2004-04-27,31.09
2004-04-28,30.17
2004-04-29,30.06
2004-04-30,29.66
2004-05-03,29.59
2004-05-04,29.56
2004-05-05,29.68
2004-05-06,29.58
2004-05-07,28.81
2004-05-10,28.4
2004-05-11,28.71
2004-05-12,28.68
2004-05-13,29.04
2004-05-14,29.06
2004-05-17,28.49
2004-05-18,28.54
2004-05-19,28.45
2004-05-20,28.45
2004-05-21,29.14
2004-05-24,29.05
2004-05-25,29.63
2004-05-26,29.72
2004-05-27,29.93
2004-05-28,29.9
2004-06-01,29.89
2004-06-02,30.12
2004-06-03,29.65
2004-06-04,30.09
2004-06-07,30.55
2004-06-08,30.54
2004-06-09,30.41
2004-06-10,30.49
2004-06-14,29.96
2004-06-15,30.01
2004-06-16,30.14
2004-06-17,30.13
2004-06-18,30.76
2004-06-21,30.65
2004-06-22,30.77
2004-06-23,31.09
2004-06-24,30.81
2004-06-25,30.9
2004-06-28,30.73
2004-06-29,31.43
2004-06-30,31.25
2004-07-01,30.63
2004-07-02,30.28
2004-07-06,30.42
2004-07-07,30.29
2004-07-08,30.22
2004-07-09,30.58
2004-07-12,30.75
2004-07-13,30.71
2004-07-14,30.83
2004-07-15,30.73
2004-07-16,29.87
2004-07-19,29.62
2004-07-20,29.51
2004-07-21,29.42
2004-07-22,28.88
2004-07-23,28.94
2004-07-26,28.98
2004-07-27,29.31
2004-07-28,29.4
2004-07-29,29.72
2004-07-30,29.48
2004-08-02,29.74
2004-08-03,29.58
2004-08-04,29.89
2004-08-05,29.02
2004-08-06,28.32
2004-08-09,28.48
2004-08-10,29.09
2004-08-11,29.14
2004-08-12,28.53
2004-08-13,28.33
2004-08-16,29.38
2004-08-17,29.55
2004-08-18,29.86
2004-08-19,29.76
2004-08-20,29.9
2004-08-23,29.45
2004-08-24,29.82
2004-08-25,30.09
2004-08-26,30.15
2004-08-27,29.95
2004-08-30,29.81
2004-08-31,29.89
2004-09-01,29.73
2004-09-02,30.42
2004-09-03,30.35
2004-09-07,30.41
2004-09-08,30.09
2004-09-09,30.01
2004-09-10,29.98
2004-09-13,30.09
2004-09-14,29.81
2004-09-15,29.73
2004-09-16,29.9
2004-09-17,29.73
2004-09-20,29.69
2004-09-21,29.77
2004-09-22,29.51
2004-09-23,29.34
2004-09-24,29.83
2004-09-27,29.74
2004-09-28,30.21
2004-09-29,30.64
2004-09-30,30.64
2004-10-01,31.03
2004-10-04,31.11
2004-10-05,30.9
2004-10-06,31.11
2004-10-07,30.7
2004-10-08,30.48
2004-10-11,30.53
2004-10-12,30.33
2004-10-13,29.46
2004-10-14,29.96
2004-10-15,30.27
2004-10-18,30.27
2004-10-19,29.75
2004-10-20,30.01
2004-10-21,30.09
2004-10-22,30.07
2004-10-25,30.47
2004-10-26,30.96
2004-10-27,31.44
2004-10-28,31.22
2004-10-29,31.88
2004-11-01,31.83
2004-11-02,31.83
2004-11-03,32.32
2004-11-04,33.05
2004-11-05,32.91
2004-11-08,32.81
2004-11-09,33.15
2004-11-10,33.0
2004-11-11,33.38
2004-11-12,33.5
2004-11-15,33.44
2004-11-16,33.23
2004-11-17,33.43
2004-11-18,33.66
2004-11-19,33.5
2004-11-22,33.7
2004-11-23,33.54
2004-11-24,33.7
2004-11-26,33.97
2004-11-29,34.0
2004-11-30,33.74
2004-12-01,34.28
2004-12-02,34.0
2004-12-03,33.81
2004-12-06,33.89
2004-12-07,32.96
2004-12-08,33.01
2004-12-09,32.9
2004-12-10,32.55
2004-12-13,33.18
2004-12-14,33.58
2004-12-15,33.76
2004-12-16,33.58
2004-12-17,33.2
2004-12-20,33.45
2004-12-21,34.0
2004-12-22,33.99
2004-12-23,34.0
2004-12-27,33.86
2004-12-28,34.09
2004-12-29,34.01
2004-12-30,34.06
2004-12-31,34.08
2005-01-03,33.63
2005-01-04,32.87
2005-01-05,32.4
2005-01-06,32.86
2005-01-07,33.02
2005-01-10,32.93
2005-01-11,32.65
2005-01-12,33.04
2005-01-13,32.95
2005-01-14,33.11
2005-01-18,33.11
2005-01-19,33.26
2005-01-20,33.22
2005-01-21,33.44
2005-01-24,33.28
2005-01-25,33.75
2005-01-26,33.93
2005-01-27,33.96
2005-01-28,33.94
2005-01-31,34.39
2005-02-01,34.58
2005-02-02,34.82
2005-02-03,34.73
2005-02-04,35.18
2005-02-07,35.4
2005-02-08,35.55
2005-02-09,35.2
2005-02-10,35.48
2005-02-11,35.68
2005-02-14,35.68
2005-02-15,36.05
2005-02-16,35.94
2005-02-17,35.66
2005-02-18,35.74
2005-02-22,35.11
2005-02-23,35.82
2005-02-24,35.96
2005-02-25,36.48
2005-02-28,35.98
2005-03-01,36.23
2005-03-02,35.99
2005-03-03,36.17
2005-03-04,36.73
2005-03-07,36.74
2005-03-08,36.9
2005-03-09,36.83
2005-03-10,36.61
2005-03-11,36.48
2005-03-14,36.66
2005-03-15,36.51
2005-03-16,35.92
2005-03-17,36.1
2005-03-18,35.86
2005-03-21,35.72
2005-03-22,35.73
2005-03-23,35.26
2005-03-24,35.4
2005-03-28,35.31
2005-03-29,34.73
2005-03-30,35.5
2005-03-31,35.76
2005-04-01,35.21
2005-04-04,35.45
2005-04-05,35.49
2005-04-06,35.74
2005-04-07,35.84
2005-04-08,35.05
2005-04-11,34.59
2005-04-12,34.95
2005-04-13,34.15
2005-04-14,33.3
2005-04-15,32.49
2005-04-18,32.71
2005-04-19,33.33
2005-04-20,32.88
2005-04-21,33.73
2005-04-22,33.8
2005-04-25,34.23
2005-04-26,33.23
2005-04-27,33.13
2005-04-28,33.07
2005-04-29,33.78
2005-05-02,34.0
2005-05-03,34.07
2005-05-04,34.5
2005-05-05,34.46
2005-05-06,34.45
2005-05-09,34.3
2005-05-10,33.68
2005-05-11,33.55
2005-05-12,32.64
2005-05-13,32.25
2005-05-16,32.42
2005-05-17,32.98
2005-05-18,33.63
2005-05-19,33.29
2005-05-20,33.05
2005-05-23,33.53
2005-05-24,33.41
2005-05-25,33.0
2005-05-26,33.05
2005-05-27,32.98
2005-05-31,32.7
2005-06-01,33.26
2005-06-02,33.09
2005-06-03,32.71
2005-06-06,32.69
2005-06-07,32.66
2005-06-08,32.6
2005-06-09,32.43
2005-06-10,32.57
2005-06-13,32.65
2005-06-14,32.69
2005-06-15,32.87
2005-06-16,33.49
2005-06-17,33.3
2005-06-20,32.91
2005-06-21,32.7
2005-06-22,32.64
2005-06-23,32.04
2005-06-24,31.49
2005-06-27,31.58
2005-06-28,32.07
2005-06-29,31.91
2005-06-30,31.38
2005-07-01,31.51
2005-07-05,31.47
2005-07-06,31.14
2005-07-07,31.0
2005-07-08,31.54
2005-07-11,32.25
2005-07-12,32.12
2005-07-13,31.85
2005-07-14,32.09
2005-07-15,32.09
2005-07-18,31.92
2005-07-19,32.34
2005-07-20,32.88
2005-07-21,32.21
2005-07-22,32.79
2005-07-25,32.43
2005-07-26,32.15
2005-07-27,32.73
2005-07-28,33.1
2005-07-29,32.52
2005-08-01,32.54
2005-08-02,32.95
2005-08-03,33.2
2005-08-04,32.55
2005-08-05,32.33
2005-08-08,32.21
2005-08-09,32.35
2005-08-10,32.29
2005-08-11,32.81
2005-08-12,32.29
2005-08-15,32.4
2005-08-16,31.75
2005-08-17,31.75
2005-08-18,31.57
2005-08-19,32.06
2005-08-22,32.01
2005-08-23,31.83
2005-08-24,31.6
2005-08-25,31.38
2005-08-26,31.22
2005-08-29,31.47
2005-08-30,31.29
2005-08-31,31.49
2005-09-01,31.45
2005-09-02,31.46
2005-09-06,31.44
2005-09-07,31.53
2005-09-08,31.45
2005-09-09,31.38
2005-09-12,31.5
2005-09-13,31.06
2005-09-14,30.95
2005-09-15,30.75
2005-09-16,31.08
2005-09-19,30.9
2005-09-20,30.18
2005-09-21,29.57
2005-09-22,29.6
2005-09-23,29.78
2005-09-26,29.48
2005-09-27,29.25
2005-09-28,28.97
2005-09-29,29.25
2005-09-30,29.6
2005-10-03,29.09
2005-10-04,28.7
2005-10-05,28.26
2005-10-06,28.07
2005-10-07,28.65
2005-10-10,28.23
2005-10-11,27.98
2005-10-12,27.98
2005-10-13,28.1
2005-10-14,28.43
2005-10-17,28.51
2005-10-18,28.3
2005-10-19,28.53
2005-10-20,28.88
2005-10-21,29.14
2005-10-24,29.57
2005-10-25,29.0
2005-10-26,29.15
2005-10-27,28.96
2005-10-28,29.7
2005-10-31,29.99
2005-11-01,29.96
2005-11-02,30.28
2005-11-03,29.98
2005-11-04,29.9
2005-11-07,30.01
2005-11-08,29.57
2005-11-09,29.55
2005-11-10,30.12
2005-11-11,30.1
2005-11-14,30.23
2005-11-15,30.3
2005-11-16,30.01
2005-11-17,30.21
2005-11-18,30.46
2005-11-21,30.86
2005-11-22,31.05
2005-11-23,30.88
2005-11-25,30.6
2005-11-28,30.37
2005-11-29,30.7
2005-11-30,30.37
2005-12-01,30.7
2005-12-02,30.42
2005-12-05,30.08
2005-12-06,30.14
2005-12-07,29.88
2005-12-08,29.68
2005-12-09,29.17
2005-12-12,28.93
2005-12-13,28.9
2005-12-14,28.44
2005-12-15,28.31
2005-12-16,28.34
2005-12-19,28.58
2005-12-20,28.43
2005-12-21,28.54
2005-12-22,28.87
2005-12-23,28.99
2005-12-27,28.88
2005-12-28,28.89
2005-12-29,28.94
2005-12-30,28.95
2006-01-03,29.0
2006-01-04,29.41
2006-01-05,29.5
2006-01-06,29.85
2006-01-09,30.13
2006-01-10,29.84
2006-01-11,29.71
2006-01-12,29.24
2006-01-13,29.24
2006-01-17,29.05
2006-01-18,29.1
2006-01-19,29.04
2006-01-20,28.51
2006-01-23,29.11
2006-01-24,29.37
2006-01-25,29.52
2006-01-26,29.68
2006-01-27,29.74
2006-01-30,29.63
2006-01-31,29.75
2006-02-01,29.53
2006-02-02,29.0
2006-02-03,28.74
2006-02-06,28.69
2006-02-07,28.46
2006-02-08,28.7
2006-02-09,28.88
2006-02-10,28.95
2006-02-13,29.12
2006-02-14,30.08
2006-02-15,29.82
2006-02-16,30.09
2006-02-17,30.04
2006-02-21,29.84
2006-02-22,29.85
2006-02-23,29.71
2006-02-24,29.72
2006-02-27,30.13
2006-02-28,30.32
2006-03-01,31.02
2006-03-02,31.1
2006-03-03,31.13
2006-03-06,31.12
2006-03-07,30.89
2006-03-08,30.69
2006-03-09,30.45
2006-03-10,30.66
2006-03-13,30.76
2006-03-14,31.12
2006-03-15,31.7
2006-03-16,31.98
2006-03-17,31.66
2006-03-20,31.64
2006-03-21,31.58
2006-03-22,31.57
2006-03-23,31.47
2006-03-24,31.57
2006-03-27,31.24
2006-03-28,31.35
2006-03-29,31.65
2006-03-30,31.59
2006-03-31,31.77
2006-04-03,31.91
2006-04-04,32.24
2006-04-05,32.31
2006-04-06,32.18
2006-04-07,31.59
2006-04-10,31.5
2006-04-11,31.31
2006-04-12,31.65
2006-04-13,31.69
2006-04-17,31.74
2006-04-18,31.55
2006-04-19,31.59
2006-04-20,32.93
2006-04-21,33.3
2006-04-24,33.35
2006-04-25,33.55
2006-04-26,33.69
2006-04-27,33.65
2006-04-28,33.56
2006-05-01,33.6
2006-05-02,33.95
2006-05-03,34.18
2006-05-04,34.04
2006-05-05,34.14
2006-05-08,34.1
2006-05-09,34.16
2006-05-10,34.24
2006-05-11,34.18
2006-05-12,33.65
2006-05-15,33.34
2006-05-16,33.54
2006-05-17,32.9
2006-05-18,32.61
2006-05-19,32.73
2006-05-22,32.16
2006-05-23,32.19
2006-05-24,32.2
2006-05-25,32.3
2006-05-26,32.48
2006-05-30,31.98
2006-05-31,32.17
2006-06-01,32.48
2006-06-02,32.61
2006-06-05,32.08
2006-06-06,32.26
2006-06-07,32.01
2006-06-08,32.08
2006-06-09,31.91
2006-06-12,31.71
2006-06-13,31.37
2006-06-14,31.71
2006-06-15,32.58
2006-06-16,32.37
2006-06-19,31.55
2006-06-20,31.51
2006-06-21,31.74
2006-06-22,31.99
2006-06-23,32.11
2006-06-26,32.58
2006-06-27,31.8
2006-06-28,31.84
2006-06-29,32.66
2006-06-30,33.0
2006-07-03,33.16
2006-07-05,32.93
2006-07-06,32.69
2006-07-07,32.53
2006-07-10,33.25
2006-07-11,33.3
2006-07-12,32.82
2006-07-13,31.69
2006-07-14,31.54
2006-07-17,31.65
2006-07-18,31.74
2006-07-19,32.65
2006-07-20,32.1
2006-07-21,31.01
2006-07-24,31.51
2006-07-25,31.68
2006-07-26,31.3
2006-07-27,30.65
2006-07-28,31.01
2006-07-31,30.77
2006-08-01,30.57
2006-08-02,31.0
2006-08-03,31.3
2006-08-04,31.3
2006-08-07,31.41
2006-08-08,31.0
2006-08-09,30.88
2006-08-10,30.99
2006-08-11,30.66
2006-08-14,30.97
2006-08-15,31.62
2006-08-16,32.3
2006-08-17,31.88
2006-08-18,31.85
2006-08-21,31.87
2006-08-22,31.67
2006-08-23,31.53
2006-08-24,31.38
2006-08-25,31.28
2006-08-28,31.47
2006-08-29,31.51
2006-08-30,31.5
2006-08-31,31.68
2006-09-01,32.18
2006-09-05,32.06
2006-09-06,31.91
2006-09-07,31.98
2006-09-08,32.47
2006-09-11,32.38
2006-09-12,32.92
2006-09-13,33.18
2006-09-14,33.06
2006-09-15,33.0
2006-09-18,33.11
2006-09-19,33.13
2006-09-20,33.73
2006-09-21,33.3
2006-09-22,33.06
2006-09-25,33.4
2006-09-26,33.89
2006-09-27,33.66
2006-09-28,34.05
2006-09-29,33.54
2006-10-02,33.47
2006-10-03,33.35
2006-10-04,33.56
2006-10-05,33.71
2006-10-06,33.85
2006-10-09,33.91
2006-10-10,33.84
2006-10-11,34.15
2006-10-12,34.4
2006-10-13,34.29
2006-10-16,34.63
2006-10-17,34.5
2006-10-18,34.23
2006-10-19,33.86
2006-10-20,34.14
2006-10-23,34.64
2006-10-24,34.41
2006-10-25,34.34
2006-10-26,34.36
2006-10-27,34.08
2006-10-30,34.48
2006-10-31,34.2
2006-11-01,33.91
2006-11-02,33.99
2006-11-03,33.68
2006-11-06,34.11
2006-11-07,34.07
2006-11-08,33.64
2006-11-09,33.41
2006-11-10,33.65
2006-11-13,34.09
2006-11-14,34.11
2006-11-15,34.32
2006-11-16,34.58
2006-11-17,32.82
2006-11-20,32.4
2006-11-21,32.53
2006-11-22,32.52
2006-11-24,32.48
2006-11-27,32.13
2006-11-28,32.08
2006-11-29,32.2
2006-11-30,32.15
2006-12-01,32.2
2006-12-04,32.7
2006-12-05,33.18
2006-12-06,32.91
2006-12-07,32.85
2006-12-08,32.89
2006-12-11,32.69
2006-12-12,32.52
2006-12-13,32.39
2006-12-14,32.76
2006-12-15,33.04
2006-12-18,32.87
2006-12-19,33.09
2006-12-20,32.74
2006-12-21,32.52
2006-12-22,32.13
2006-12-26,32.47
2006-12-27,32.52
2006-12-28,32.37
2006-12-29,32.11
2007-01-03,32.27
2007-01-04,32.26
2007-01-05,32.37
2007-01-08,32.15
2007-01-09,32.6
2007-01-10,32.65
2007-01-11,33.22
2007-01-12,33.54
2007-01-16,33.65
2007-01-17,33.92
2007-01-18,33.01
2007-01-19,33.08
2007-01-22,32.74
2007-01-23,33.02
2007-01-24,33.12
2007-01-25,32.85
2007-01-26,32.57
2007-01-29,32.69
2007-01-30,32.84
2007-01-31,33.15
2007-02-01,33.91
2007-02-02,33.86
2007-02-05,33.54
2007-02-06,33.96
2007-02-07,34.17
2007-02-08,33.8
2007-02-09,33.95
2007-02-12,33.98
2007-02-13,34.41
2007-02-14,34.31
2007-02-15,34.34
2007-02-16,34.11
2007-02-20,34.1
2007-02-21,34.14
2007-02-22,33.72
2007-02-23,33.87
2007-02-26,34.0
2007-02-27,33.05
2007-02-28,33.13
2007-03-01,33.0
2007-03-02,32.75
2007-03-05,32.55
2007-03-06,32.95
2007-03-07,32.76
2007-03-08,33.25
2007-03-09,34.06
2007-03-12,34.36
2007-03-13,33.9
2007-03-14,34.13
2007-03-15,34.49
2007-03-16,34.52
2007-03-19,35.16
2007-03-20,35.61
2007-03-21,36.07
2007-03-22,35.94
2007-03-23,36.14
2007-03-26,36.15
2007-03-27,35.79
2007-03-28,35.35
2007-03-29,35.31
2007-03-30,35.16
2007-04-02,35.3
2007-04-03,35.6
2007-04-04,35.66
2007-04-05,35.53
2007-04-09,35.91
2007-04-10,35.45
2007-04-11,35.28
2007-04-12,35.68
2007-04-13,35.5
2007-04-16,36.06
2007-04-17,35.39
2007-04-18,35.46
2007-04-19,37.75
2007-04-20,37.63
2007-04-23,37.51
2007-04-24,37.12
2007-04-25,37.49
2007-04-26,37.2
2007-04-27,37.36
2007-04-30,36.8
2007-05-01,36.63
2007-05-02,37.01
2007-05-03,37.51
2007-05-04,37.4
2007-05-07,37.9
2007-05-08,37.43
2007-05-09,37.81
2007-05-10,37.17
2007-05-11,37.32
2007-05-14,37.25
2007-05-15,37.34
2007-05-16,37.56
2007-05-17,37.75
2007-05-18,38.91
2007-05-21,38.99
2007-05-22,38.94
2007-05-23,38.68
2007-05-24,38.28
2007-05-25,38.56
2007-05-29,38.2
2007-05-30,38.51
2007-05-31,38.1
2007-06-01,38.19
2007-06-04,38.11
2007-06-05,38.18
2007-06-06,37.89
2007-06-07,36.9
2007-06-08,37.11
2007-06-11,37.11
2007-06-12,36.48
2007-06-13,37.12
2007-06-14,37.26
2007-06-15,37.49
2007-06-18,37.41
2007-06-19,37.41
2007-06-20,37.11
2007-06-21,37.31
2007-06-22,36.79
2007-06-25,36.91
2007-06-26,36.95
2007-06-27,37.66
2007-06-28,37.27
2007-06-29,38.06
2007-07-02,38.48
2007-07-03,38.27
2007-07-05,38.72
2007-07-06,38.53
2007-07-09,38.94
2007-07-10,38.36
2007-07-11,38.48
2007-07-12,39.17
2007-07-13,39.41
2007-07-16,39.36
2007-07-17,40.3
2007-07-18,40.3
2007-07-19,40.25
2007-07-20,40.31
2007-07-23,41.1
2007-07-24,40.6
2007-07-25,40.17
2007-07-26,38.85
2007-07-27,38.03
2007-07-30,38.67
2007-07-31,38.14
2007-08-01,39.55
2007-08-02,39.28
2007-08-03,38.14
2007-08-06,39.03
2007-08-07,38.83
2007-08-08,38.25
2007-08-09,36.1
2007-08-10,37.23
2007-08-13,37.64
2007-08-14,36.14
2007-08-15,35.29
2007-08-16,35.68
2007-08-17,36.19
2007-08-20,36.69
2007-08-21,36.44
2007-08-22,36.59
2007-08-23,36.39
2007-08-24,37.0
2007-08-27,36.63
2007-08-28,35.64
2007-08-29,36.7
2007-08-30,36.75
2007-08-31,36.68
2007-09-04,36.82
2007-09-05,36.49
2007-09-06,36.91
2007-09-07,35.55
2007-09-10,35.69
2007-09-11,36.28
2007-09-12,37.25
2007-09-13,37.51
2007-09-14,36.92
2007-09-17,36.84
2007-09-18,37.85
2007-09-19,38.69
2007-09-20,37.58
2007-09-21,37.5
2007-09-24,37.3
2007-09-25,37.59
2007-09-26,37.8
2007-09-27,38.08
2007-09-28,37.78
2007-10-01,38.46
2007-10-02,38.13
2007-10-03,38.14
2007-10-04,38.44
2007-10-05,39.27
2007-10-08,38.73
2007-10-09,39.09
2007-10-10,39.13
2007-10-11,39.07
2007-10-12,39.53
2007-10-15,38.99
2007-10-16,39.29
2007-10-17,38.85
2007-10-18,37.69
2007-10-19,37.08
2007-10-22,37.24
2007-10-23,37.39
2007-10-24,37.26
2007-10-25,36.72
2007-10-26,36.77
2007-10-29,37.04
2007-10-30,36.42
2007-10-31,37.37
2007-11-01,36.48
2007-11-02,36.64
2007-11-05,36.24
2007-11-06,36.87
2007-11-07,35.24
2007-11-08,35.82
2007-11-09,34.64
2007-11-12,34.25
2007-11-13,34.3
2007-11-14,34.04
2007-11-15,33.68
2007-11-16,33.4
2007-11-19,32.72
2007-11-20,33.13
2007-11-21,32.71
2007-11-23,33.25
2007-11-26,33.0
2007-11-27,33.0
2007-11-28,34.32
2007-11-29,34.21
2007-11-30,34.32
2007-12-03,34.22
2007-12-04,34.04
2007-12-05,34.39
2007-12-06,34.5
2007-12-07,35.14
2007-12-10,35.43
2007-12-11,34.27
2007-12-12,34.81
2007-12-13,35.25
2007-12-14,34.7
2007-12-17,34.0
2007-12-18,34.73
2007-12-19,34.35
2007-12-20,34.91
2007-12-21,35.86
2007-12-24,35.9
2007-12-26,35.93
2007-12-27,35.3
2007-12-28,35.22
2007-12-31,35.12
2008-01-02,34.3
2008-01-03,33.92
2008-01-04,33.33
2008-01-07,33.5
2008-01-08,32.61
2008-01-09,32.52
2008-01-10,32.56
2008-01-11,31.6
2008-01-14,32.29
2008-01-15,31.13
2008-01-16,30.79
2008-01-17,31.32
2008-01-18,31.03
2008-01-22,30.76
2008-01-23,31.97
2008-01-24,31.89
2008-01-25,31.5
2008-01-28,32.25
2008-01-29,32.27
2008-01-30,31.95
2008-01-31,32.69
2008-02-01,33.6
2008-02-04,33.21
2008-02-05,32.17
2008-02-06,32.33
2008-02-07,32.17
2008-02-08,32.19
2008-02-11,32.4
2008-02-12,32.54
2008-02-13,32.79
2008-02-14,32.1
2008-02-15,31.93
2008-02-19,32.62
2008-02-20,31.85
2008-02-21,32.0
2008-02-22,32.19
2008-02-25,33.0
2008-02-26,32.88
2008-02-27,32.59
2008-02-28,31.94
2008-02-29,30.99
2008-03-03,31.34
2008-03-04,30.64
2008-03-05,30.87
2008-03-06,30.33
2008-03-07,29.29
2008-03-10,28.75
2008-03-11,29.87
2008-03-12,29.91
2008-03-13,30.29
2008-03-14,29.51
2008-03-17,29.0
2008-03-18,29.97
2008-03-19,29.2
2008-03-20,29.52
2008-03-24,30.28
2008-03-25,30.53
2008-03-26,29.89
2008-03-27,29.79
2008-03-28,29.64
2008-03-31,30.26
2008-04-01,31.27
2008-04-02,31.57
2008-04-03,31.73
2008-04-04,32.41
2008-04-07,31.9
2008-04-08,31.94
2008-04-09,31.64
2008-04-10,31.85
2008-04-11,31.59
2008-04-14,31.36
2008-04-15,31.52
2008-04-16,32.96
2008-04-17,32.38
2008-04-18,33.21
2008-04-21,32.68
2008-04-22,32.38
2008-04-23,31.64
2008-04-24,31.84
2008-04-25,32.42
2008-04-28,31.71
2008-04-29,31.17
2008-04-30,30.69
2008-05-01,31.21
2008-05-02,31.43
2008-05-05,31.62
2008-05-06,31.67
2008-05-07,31.38
2008-05-08,31.56
2008-05-09,31.04
2008-05-12,31.5
2008-05-13,31.81
2008-05-14,32.48
2008-05-15,32.81
2008-05-16,33.12
2008-05-19,32.34
2008-05-20,32.3
2008-05-21,31.71
2008-05-22,31.84
2008-05-23,31.24
2008-05-27,31.11
2008-05-28,31.68
2008-05-29,31.71
2008-05-30,31.52
2008-06-02,31.24
2008-06-03,30.7
2008-06-04,30.93
2008-06-05,31.56
2008-06-06,30.62
2008-06-09,30.44
2008-06-10,30.18
2008-06-11,30.0
2008-06-12,29.88
2008-06-13,30.99
2008-06-16,30.93
2008-06-17,30.8
2008-06-18,30.34
2008-06-19,30.49
2008-06-20,29.99
2008-06-23,30.3
2008-06-24,29.55
2008-06-25,29.54
2008-06-26,28.6
2008-06-27,28.58
2008-06-30,28.69
2008-07-01,28.76
2008-07-02,27.83
2008-07-03,27.82
2008-07-07,27.83
2008-07-08,28.15
2008-07-09,27.34
2008-07-10,27.72
2008-07-11,27.71
2008-07-14,27.57
2008-07-15,27.9
2008-07-16,28.54
2008-07-17,30.52
2008-07-18,30.39
2008-07-21,30.49
2008-07-22,30.81
2008-07-23,31.09
2008-07-24,30.5
2008-07-25,30.24
2008-07-28,29.8
2008-07-29,30.13
2008-07-30,30.84
2008-07-31,30.32
2008-08-01,29.57
2008-08-04,29.16
2008-08-05,30.25
2008-08-06,30.98
2008-08-07,30.65
2008-08-08,31.67
2008-08-11,32.19
2008-08-12,32.13
2008-08-13,31.72
2008-08-14,31.59
2008-08-15,32.29
2008-08-18,32.13
2008-08-19,31.55
2008-08-20,31.72
2008-08-21,31.25
2008-08-22,31.23
2008-08-25,30.67
2008-08-26,30.87
2008-08-27,30.96
2008-08-28,31.76
2008-08-29,31.43
2008-09-02,32.65
2008-09-03,33.37
2008-09-04,32.77
2008-09-05,32.55
2008-09-08,32.93
2008-09-09,32.31
2008-09-10,32.44
2008-09-11,33.34
2008-09-12,33.89
2008-09-15,33.32
2008-09-16,33.68
2008-09-17,33.25
2008-09-18,33.66
2008-09-19,33.49
2008-09-22,32.4
2008-09-23,31.11
2008-09-24,29.87
2008-09-25,30.58
2008-09-26,30.72
2008-09-29,28.83
2008-09-30,29.16
2008-10-01,28.96
2008-10-02,27.85
2008-10-03,27.56
2008-10-06,27.34
2008-10-07,25.33
2008-10-08,25.49
2008-10-09,23.64
2008-10-10,23.15
2008-10-13,25.5
2008-10-14,25.14
2008-10-15,22.25
2008-10-16,25.55
2008-10-17,24.09
2008-10-20,25.25
2008-10-21,24.83
2008-10-22,23.35
2008-10-23,23.18
2008-10-24,22.56
2008-10-27,21.94
2008-10-28,23.93
2008-10-29,23.94
2008-10-30,24.6
2008-10-31,24.79
2008-11-03,25.02
2008-11-04,25.76
2008-11-05,24.11
2008-11-06,22.34
2008-11-07,23.41
2008-11-10,23.03
2008-11-11,22.94
2008-11-12,22.1
2008-11-13,24.19
2008-11-14,22.69
2008-11-17,22.06
2008-11-18,22.18
2008-11-19,20.6
2008-11-20,18.49
2008-11-21,19.26
2008-11-24,20.85
2008-11-25,21.27
2008-11-26,21.95
2008-11-28,21.96
2008-12-01,19.8
2008-12-02,20.9
2008-12-03,21.55
2008-12-04,21.04
2008-12-05,21.75
2008-12-08,22.91
2008-12-09,22.25
2008-12-10,22.38
2008-12-11,21.31
2008-12-12,21.95
2008-12-15,21.78
2008-12-16,22.98
2008-12-17,22.25
2008-12-18,21.35
2008-12-19,20.73
2008-12-22,19.86
2008-12-23,19.47
2008-12-24,19.42
2008-12-26,19.7
2008-12-29,19.42
2008-12-30,20.24
2008-12-31,21.22
2009-01-02,21.78
2009-01-05,21.64
2009-01-06,22.52
2009-01-07,21.57
2009-01-08,22.1
2009-01-09,21.66
2009-01-12,21.29
2009-01-13,20.85
2009-01-14,20.14
2009-01-15,20.71
2009-01-16,20.72
2009-01-20,19.8
2009-01-21,20.23
2009-01-22,19.65
2009-01-23,19.61
2009-01-26,19.43
2009-01-27,19.57
2009-01-28,20.46
2009-01-29,19.69
2009-01-30,18.79
2009-02-02,18.75
2009-02-03,18.5
2009-02-04,18.24
2009-02-05,18.83
2009-02-06,19.56
2009-02-09,19.63
2009-02-10,18.7
2009-02-11,18.68
2009-02-12,18.46
2009-02-13,18.11
2009-02-17,17.19
2009-02-18,17.05
2009-02-19,16.72
2009-02-20,16.34
2009-02-23,15.54
2009-02-24,16.24
2009-02-25,15.99
2009-02-26,15.72
2009-02-27,15.53
2009-03-02,15.02
2009-03-03,14.9
2009-03-04,15.46
2009-03-05,14.24
2009-03-06,14.71
2009-03-09,14.75
2009-03-10,16.35
2009-03-11,16.46
2009-03-12,17.17
2009-03-13,16.5
2009-03-16,16.47
2009-03-17,16.99
2009-03-18,17.5
2009-03-19,17.55
2009-03-20,17.36
2009-03-23,18.5
2009-03-24,18.3
2009-03-25,18.44
2009-03-26,19.36
2009-03-27,18.4
2009-03-30,18.44
2009-03-31,18.45
2009-04-01,19.74
2009-04-02,21.03
2009-04-03,22.28
2009-04-06,22.14
2009-04-07,21.4
2009-04-08,21.44
2009-04-09,22.49
2009-04-13,22.57
2009-04-14,22.07
2009-04-15,22.22
2009-04-16,23.06
2009-04-17,22.65
2009-04-20,21.6
2009-04-21,21.82
2009-04-22,22.04
2009-04-23,21.73
2009-04-24,22.73
2009-04-27,22.02
2009-04-28,21.62
2009-04-29,22.06
2009-04-30,22.03
2009-05-01,22.01
2009-05-04,23.25
2009-05-05,22.89
2009-05-06,22.97
2009-05-07,21.87
2009-05-08,22.36
2009-05-11,21.77
2009-05-12,21.85
2009-05-13,20.95
2009-05-14,21.21
2009-05-15,21.1
2009-05-18,22.04
2009-05-19,22.33
2009-05-20,22.75
2009-05-21,22.02
2009-05-22,22.32
2009-05-26,22.51
2009-05-27,21.91
2009-05-28,22.05
2009-05-29,22.24
2009-06-01,23.02
2009-06-02,22.82
2009-06-03,22.3
2009-06-04,22.5
2009-06-05,22.52
2009-06-08,22.15
2009-06-09,22.76
2009-06-10,22.63
2009-06-11,22.73
2009-06-12,22.57
2009-06-15,21.99
2009-06-16,21.54
2009-06-17,21.62
2009-06-18,21.47
2009-06-19,21.41
2009-06-22,20.83
2009-06-23,20.76
2009-06-24,21.49
2009-06-25,21.92
2009-06-26,21.79
2009-06-29,21.93
2009-06-30,21.95
2009-07-01,21.89
2009-07-02,21.08
2009-07-06,21.51
2009-07-07,20.81
2009-07-08,20.91
2009-07-09,21.06
2009-07-10,20.97
2009-07-13,21.79
2009-07-14,22.07
2009-07-15,23.05
2009-07-16,24.64
2009-07-17,24.78
2009-07-20,25.23
2009-07-21,25.22
2009-07-22,25.38
2009-07-23,26.24
2009-07-24,26.28
2009-07-27,26.41
2009-07-28,26.28
2009-07-29,25.94
2009-07-30,27.21
2009-07-31,27.5
2009-08-03,28.41
2009-08-04,28.52
2009-08-05,28.56
2009-08-06,28.08
2009-08-07,28.1
2009-08-10,27.55
2009-08-11,27.58
2009-08-12,27.77
2009-08-13,27.95
2009-08-14,27.29
2009-08-17,26.49
2009-08-18,26.48
2009-08-19,26.72
2009-08-20,26.58
2009-08-21,27.28
2009-08-24,27.08
2009-08-25,27.15
2009-08-26,26.87
2009-08-27,27.6
2009-08-28,27.97
2009-08-31,27.7
2009-09-01,27.04
2009-09-02,26.97
2009-09-03,27.06
2009-09-04,27.45
2009-09-08,27.7
2009-09-09,28.23
2009-09-10,28.5
2009-09-11,28.65
2009-09-14,28.96
2009-09-15,29.71
2009-09-16,29.95
2009-09-17,29.64
2009-09-18,29.83
2009-09-21,29.85
2009-09-22,30.06
2009-09-23,29.53
2009-09-24,29.26
2009-09-25,28.83
2009-09-28,29.38
2009-09-29,29.37
2009-09-30,29.11
2009-10-01,28.28
2009-10-02,28.13
2009-10-05,28.77
2009-10-06,29.02
2009-10-07,28.94
2009-10-08,29.61
2009-10-09,29.88
2009-10-12,30.06
2009-10-13,30.32
2009-10-14,30.77
2009-10-15,31.04
2009-10-16,30.65
2009-10-19,30.99
2009-10-20,30.61
2009-10-21,29.84
2009-10-22,30.34
2009-10-23,29.67
2009-10-26,29.11
2009-10-27,29.5
2009-10-28,28.63
2009-10-29,29.21
2009-10-30,28.22
2009-11-02,28.75
2009-11-03,28.99
2009-11-04,28.83
2009-11-05,29.6
2009-11-06,29.4
2009-11-09,30.44
2009-11-10,30.49
2009-11-11,30.59
2009-11-12,30.12
2009-11-13,30.18
2009-11-16,30.72
2009-11-17,30.63
2009-11-18,30.26
2009-11-19,29.74
2009-11-20,29.63
2009-11-23,30.27
2009-11-24,29.93
2009-11-25,30.34
2009-11-27,29.67
2009-11-30,29.72
2009-12-01,29.96
2009-12-02,30.28
2009-12-03,29.8
2009-12-04,30.19
2009-12-07,30.17
2009-12-08,29.42
2009-12-09,29.72
2009-12-10,29.52
2009-12-11,29.26
2009-12-14,29.85
2009-12-15,29.41
2009-12-16,29.64
2009-12-17,29.16
2009-12-18,28.89
2009-12-21,29.12
2009-12-22,29.44
2009-12-23,29.65
2009-12-24,29.79
2009-12-28,29.9
2009-12-29,29.68
2009-12-30,29.63
2009-12-31,29.27
2010-01-04,30.3
2010-01-05,30.32
2010-01-06,30.8
2010-01-07,30.94
2010-01-08,30.88
2010-01-11,30.84
2010-01-12,30.42
2010-01-13,30.74
2010-01-14,31.4
2010-01-15,31.03
2010-01-19,32.12
2010-01-20,31.57
2010-01-21,29.55
2010-01-22,29.96
2010-01-25,30.54
2010-01-26,29.99
2010-01-27,29.76
2010-01-28,29.51
2010-01-29,29.34
2010-02-01,29.76
2010-02-02,29.97
2010-02-03,29.61
2010-02-04,28.87
2010-02-05,29.17
2010-02-08,28.84
2010-02-09,29.58
2010-02-10,29.88
2010-02-11,30.12
2010-02-12,30.18
2010-02-16,30.71
2010-02-17,30.91
2010-02-18,31.06
2010-02-19,31.24
2010-02-22,31.04
2010-02-23,30.73
2010-02-24,31.05
2010-02-25,30.53
2010-02-26,30.77
2010-03-01,31.19
2010-03-02,31.3
2010-03-03,31.47
2010-03-04,31.46
2010-03-05,31.65
2010-03-08,31.78
2010-03-09,31.47
2010-03-10,31.85
2010-03-11,31.65
2010-03-12,32.08
2010-03-15,32.25
2010-03-16,32.32
2010-03-17,32.95
2010-03-18,32.37
2010-03-19,32.47
2010-03-22,32.74
2010-03-23,33.03
2010-03-24,32.72
2010-03-25,32.35
2010-03-26,33.04
2010-03-29,32.88
2010-03-30,33.03
2010-03-31,32.7
2010-04-01,33.25
2010-04-05,33.46
2010-04-06,33.8
2010-04-07,33.73
2010-04-08,33.97
2010-04-09,34.34
2010-04-12,34.45
2010-04-13,34.67
2010-04-14,34.76
2010-04-15,34.87
2010-04-16,34.58
2010-04-19,35.1
2010-04-20,35.21
2010-04-21,35.25
2010-04-22,35.13
2010-04-23,35.64
2010-04-26,35.36
2010-04-27,34.48
2010-04-28,34.96
2010-04-29,35.62
2010-04-30,35.19
2010-05-03,35.64
2010-05-04,34.24
2010-05-05,33.74
2010-05-06,32.38
2010-05-07,31.9
2010-05-10,33.55
2010-05-11,33.22
2010-05-12,33.82
2010-05-13,33.39
2010-05-14,32.55
2010-05-17,33.06
2010-05-18,32.82
2010-05-19,32.18
2010-05-20,30.78
2010-05-21,31.35
2010-05-24,30.77
2010-05-25,31.11
2010-05-26,30.93
2010-05-27,32.55
2010-05-28,32.04
2010-06-01,31.27
2010-06-02,32.37
2010-06-03,31.98
2010-06-04,30.9
2010-06-07,30.26
2010-06-08,31.07
2010-06-09,30.96
2010-06-10,31.66
2010-06-11,32.39
2010-06-14,32.04
2010-06-15,32.79
2010-06-16,33.27
2010-06-17,33.08
2010-06-18,33.33
2010-06-21,33.41
2010-06-22,32.77
2010-06-23,32.55
2010-06-24,31.56
2010-06-25,31.48
2010-06-28,31.45
2010-06-29,30.5
2010-06-30,30.21
2010-07-01,30.53
2010-07-02,30.29
2010-07-06,30.28
2010-07-07,31.54
2010-07-08,32.13
2010-07-09,32.31
2010-07-12,31.89
2010-07-13,32.67
2010-07-14,32.26
2010-07-15,32.3
2010-07-16,31.23
2010-07-19,31.08
2010-07-20,32.32
2010-07-21,32.4
2010-07-22,33.0
2010-07-23,33.83
2010-07-26,34.1
2010-07-27,34.4
2010-07-28,34.42
2010-07-29,34.41
2010-07-30,34.74
2010-08-02,35.56
2010-08-03,35.01
2010-08-04,35.44
2010-08-05,35.13
2010-08-06,34.78
2010-08-09,34.89
2010-08-10,34.67
2010-08-11,33.53
2010-08-12,33.43
2010-08-13,33.16
2010-08-16,33.26
2010-08-17,33.87
2010-08-18,33.63
2010-08-19,32.8
2010-08-20,32.7
2010-08-23,32.51
2010-08-24,32.11
2010-08-25,32.57
2010-08-26,32.66
2010-08-27,33.55
2010-08-30,32.74
2010-08-31,32.92
2010-09-01,34.08
2010-09-02,34.46
2010-09-03,34.99
2010-09-07,34.14
2010-09-08,34.55
2010-09-09,34.66
2010-09-10,35.39
2010-09-13,35.82
2010-09-14,35.67
2010-09-15,35.82
2010-09-16,36.12
2010-09-17,36.03
2010-09-20,36.33
2010-09-21,36.1
2010-09-22,36.04
2010-09-23,35.73
2010-09-24,36.46
2010-09-27,36.39
2010-09-28,36.57
2010-09-29,36.45
2010-09-30,36.4
2010-10-01,36.55
2010-10-04,36.12
2010-10-05,37.0
2010-10-06,37.38
2010-10-07,37.28
2010-10-08,37.61
2010-10-11,37.5
2010-10-12,37.75
2010-10-13,38.12
2010-10-14,38.17
2010-10-15,38.39
2010-10-18,38.44
2010-10-19,37.89
2010-10-20,38.73
2010-10-21,38.34
2010-10-22,38.22
2010-10-25,38.67
2010-10-26,38.65
2010-10-27,38.39
2010-10-28,38.3
2010-10-29,38.35
2010-11-01,38.34
2010-11-02,38.82
2010-11-03,38.95
2010-11-04,39.57
2010-11-05,39.84
2010-11-08,39.55
2010-11-09,39.13
2010-11-10,39.01
2010-11-11,39.06
2010-11-12,38.39
2010-11-15,38.43
2010-11-16,37.79
2010-11-17,38.04
2010-11-18,38.78
2010-11-19,38.69
2010-11-22,38.68
2010-11-23,37.96
2010-11-24,38.9
2010-11-26,38.82
2010-11-29,38.9
2010-11-30,38.98
2010-12-01,39.93
2010-12-02,40.1
2010-12-03,40.4
2010-12-06,39.98
2010-12-07,40.23
2010-12-08,39.92
2010-12-09,40.03
2010-12-10,40.45
2010-12-13,40.23
2010-12-14,40.67
2010-12-15,41.05
2010-12-16,40.73
2010-12-17,41.01
2010-12-20,41.18
2010-12-21,41.24
2010-12-22,41.32
2010-12-23,41.4
2010-12-27,41.51
2010-12-28,41.93
2010-12-29,42.11
2010-12-30,41.93
2010-12-31,42.04
2011-01-03,42.35
2011-01-04,41.72
2011-01-05,41.95
2011-01-06,41.8
2011-01-07,41.16
2011-01-10,41.29
2011-01-11,41.02
2011-01-12,41.51
2011-01-13,41.27
2011-01-14,41.57
2011-01-18,41.6
2011-01-19,41.4
2011-01-20,40.68
2011-01-21,41.08
2011-01-24,41.66
2011-01-25,41.79
2011-01-26,42.4
2011-01-27,41.96
2011-01-28,41.62
2011-01-31,42.14
2011-02-01,43.01
2011-02-02,42.58
2011-02-03,42.8
2011-02-04,42.93
2011-02-07,43.05
2011-02-08,43.37
2011-02-09,43.25
2011-02-10,43.76
2011-02-11,44.19
2011-02-14,44.25
2011-02-15,44.18
2011-02-16,44.35
2011-02-17,44.73
2011-02-18,45.07
2011-02-22,43.53
2011-02-23,43.28
2011-02-24,42.98
2011-02-25,43.72
2011-02-28,44.19
2011-03-01,43.87
2011-03-02,44.01
2011-03-03,44.87
2011-03-04,44.29
2011-03-07,43.76
2011-03-08,44.42
2011-03-09,44.03
2011-03-10,43.23
2011-03-11,43.75
2011-03-14,43.92
2011-03-15,43.4
2011-03-16,42.76
2011-03-17,43.58
2011-03-18,43.73
2011-03-21,44.28
2011-03-22,44.05
2011-03-23,44.14
2011-03-24,44.34
2011-03-25,44.72
2011-03-28,44.69
2011-03-29,45.3
2011-03-30,47.97
2011-03-31,47.61
2011-04-01,47.55
2011-04-04,48.25
2011-04-05,48.18
2011-04-06,48.21
2011-04-07,48.04
2011-04-08,47.67
2011-04-11,47.47
2011-04-12,46.88
2011-04-13,46.14
2011-04-14,46.25
2011-04-15,46.33
2011-04-18,45.7
2011-04-19,46.57
2011-04-20,47.27
2011-04-21,47.32
2011-04-25,46.72
2011-04-26,46.99
2011-04-27,46.8
2011-04-28,47.07
2011-04-29,47.34
2011-05-02,47.07
2011-05-03,46.05
2011-05-04,45.2
2011-05-05,45.12
2011-05-06,45.2
2011-05-09,45.64
2011-05-10,45.89
2011-05-11,45.0
2011-05-12,44.86
2011-05-13,44.24
2011-05-16,44.31
2011-05-17,43.71
2011-05-18,44.54
2011-05-19,44.47
2011-05-20,44.03
2011-05-23,43.33
2011-05-24,42.97
2011-05-25,43.67
2011-05-26,43.55
2011-05-27,43.9
2011-05-31,44.35
2011-06-01,43.38
2011-06-02,43.09
2011-06-03,42.47
2011-06-06,42.05
2011-06-07,42.84
2011-06-08,42.23
2011-06-09,42.63
2011-06-10,42.06
2011-06-13,41.92
2011-06-14,42.75
2011-06-15,41.99
2011-06-16,42.06
2011-06-17,42.38
2011-06-20,42.72
2011-06-21,43.87
2011-06-22,43.87
2011-06-23,43.51
2011-06-24,43.58
2011-06-27,43.48
2011-06-28,44.23
2011-06-29,44.57
2011-06-30,45.4
2011-07-01,45.93
2011-07-05,45.75
2011-07-06,46.26
2011-07-07,46.69
2011-07-08,46.06
2011-07-11,45.14
2011-07-12,44.93
2011-07-13,44.97
2011-07-14,44.23
2011-07-15,44.84
2011-07-18,44.36
2011-07-19,44.62
2011-07-20,44.68
2011-07-21,44.99
2011-07-22,44.47
2011-07-25,44.28
2011-07-26,43.3
2011-07-27,42.5
2011-07-28,42.28
2011-07-29,42.1
2011-08-01,41.95
2011-08-02,40.86
2011-08-03,41.32
2011-08-04,38.84
2011-08-05,38.94
2011-08-08,36.48
2011-08-09,38.66
2011-08-10,36.53
2011-08-11,37.46
2011-08-12,37.53
2011-08-15,38.31
2011-08-16,37.6
2011-08-17,37.65
2011-08-18,35.21
2011-08-19,34.44
2011-08-22,34.47
2011-08-23,35.57
2011-08-24,35.95
2011-08-25,35.54
2011-08-26,36.17
2011-08-29,37.75
2011-08-30,38.24
2011-08-31,38.3
2011-09-01,37.52
2011-09-02,36.79
2011-09-06,36.6
2011-09-07,37.51
2011-09-08,37.42
2011-09-09,36.55
2011-09-12,36.56
2011-09-13,37.35
2011-09-14,38.0
2011-09-15,38.71
2011-09-16,39.32
2011-09-19,38.86
2011-09-20,38.76
2011-09-21,36.77
2011-09-22,35.05
2011-09-23,34.41
2011-09-26,36.22
2011-09-27,37.26
2011-09-28,35.75
2011-09-29,36.18
2011-09-30,35.33
2011-10-03,34.34
2011-10-04,35.34
2011-10-05,36.38
2011-10-06,36.86
2011-10-07,36.74
2011-10-10,38.22
2011-10-11,38.11
2011-10-12,38.88
2011-10-13,38.84
2011-10-14,39.86
2011-10-17,38.92
2011-10-18,40.37
2011-10-19,39.42
2011-10-20,40.34
2011-10-21,41.84
2011-10-24,42.2
2011-10-25,41.27
2011-10-26,42.43
2011-10-27,43.42
2011-10-28,44.69
2011-10-31,43.21
2011-11-01,42.3
2011-11-02,43.35
2011-11-03,44.33
2011-11-04,44.26
2011-11-07,44.45
2011-11-08,44.69
2011-11-09,42.71
2011-11-10,43.11
2011-11-11,44.06
2011-11-14,43.65
2011-11-15,43.68
2011-11-16,42.47
2011-11-17,41.36
2011-11-18,41.8
2011-11-21,40.92
2011-11-22,40.64
2011-11-23,39.79
2011-11-25,39.73
2011-11-28,41.28
2011-11-29,41.57
2011-11-30,43.88
2011-12-01,43.28
2011-12-02,42.44
2011-12-05,42.59
2011-12-06,42.72
2011-12-07,42.34
2011-12-08,41.32
2011-12-09,41.97
2011-12-12,41.26
2011-12-13,40.68
2011-12-14,40.1
2011-12-15,40.06
2011-12-16,40.44
2011-12-19,39.57
2011-12-20,40.39
2011-12-21,41.08
2011-12-22,41.18
2011-12-23,41.76
2011-12-27,41.98
2011-12-28,41.4
2011-12-29,42.0
2011-12-30,41.75
2012-01-03,42.56
2012-01-04,42.65
2012-01-05,42.27
2012-01-06,42.38
2012-01-09,42.17
2012-01-10,43.07
2012-01-11,43.3
2012-01-12,44.0
2012-01-13,43.76
2012-01-17,44.02
2012-01-18,44.95
2012-01-19,43.88
2012-01-20,44.46
2012-01-23,44.17
2012-01-24,44.25
2012-01-25,44.71
2012-01-26,44.42
2012-01-27,44.53
2012-01-30,44.74
2012-01-31,44.79
2012-02-01,45.43
2012-02-02,44.9
2012-02-03,45.61
2012-02-06,45.44
2012-02-07,45.64
2012-02-08,45.81
2012-02-09,46.02
2012-02-10,45.42
2012-02-13,45.54
2012-02-14,45.26
2012-02-15,44.97
2012-02-16,45.7
2012-02-17,46.06
2012-02-21,45.99
2012-02-22,45.9
2012-02-23,46.1
2012-02-24,45.84
2012-02-27,46.47
2012-02-28,46.47
2012-02-29,45.63
2012-03-01,46.33
2012-03-02,46.25
2012-03-05,45.81
2012-03-06,45.21
2012-03-07,45.28
2012-03-08,46.47
2012-03-09,46.39
2012-03-12,46.55
2012-03-13,47.16
2012-03-14,46.84
2012-03-15,46.82
2012-03-16,46.8
2012-03-19,47.23
2012-03-20,46.97
2012-03-21,47.07
2012-03-22,46.48
2012-03-23,46.83
2012-03-26,47.71
2012-03-27,47.87
2012-03-28,47.39
2012-03-29,47.85
2012-03-30,47.9
2012-04-02,48.84
2012-04-03,47.84
2012-04-04,46.96
2012-04-05,48.15
2012-04-09,47.13
2012-04-10,46.05
2012-04-11,47.27
2012-04-12,48.42
2012-04-13,47.86
2012-04-16,48.45
2012-04-17,49.17
2012-04-18,49.24
2012-04-19,50.5
2012-04-20,50.65
2012-04-23,50.51
2012-04-24,51.0
2012-04-25,52.09
2012-04-26,52.61
2012-04-27,52.83
2012-04-30,52.62
2012-05-01,53.52
2012-05-02,53.6
2012-05-03,53.6
2012-05-04,52.84
2012-05-07,53.45
2012-05-08,53.26
2012-05-09,52.97
2012-05-10,52.87
2012-05-11,52.6
2012-05-14,51.56
2012-05-15,51.09
2012-05-16,50.88
2012-05-17,49.43
2012-05-18,48.78
2012-05-21,49.77
2012-05-22,49.63
2012-05-23,49.63
2012-05-24,52.1
2012-05-25,51.59
2012-05-29,52.55
2012-05-30,51.13
2012-05-31,51.72
2012-06-01,49.48
2012-06-04,48.89
2012-06-05,49.5
2012-06-06,50.91
2012-06-07,51.29
2012-06-08,51.84
2012-06-11,50.98
2012-06-12,52.08
2012-06-13,50.96
2012-06-14,50.88
2012-06-15,52.07
2012-06-18,52.39
2012-06-19,53.09
2012-06-20,53.02
2012-06-21,51.21
2012-06-22,52.1
2012-06-25,50.67
2012-06-26,51.42
2012-06-27,51.74
2012-06-28,51.75
2012-06-29,53.06
2012-07-02,52.35
2012-07-03,52.44
2012-07-05,52.75
2012-07-06,52.79
2012-07-09,51.69
2012-07-10,51.07
2012-07-11,50.44
2012-07-12,50.33
2012-07-13,51.67
2012-07-16,51.07
2012-07-17,52.07
2012-07-18,52.1
2012-07-19,55.98
2012-07-20,56.93
2012-07-23,55.38
2012-07-24,54.28
2012-07-25,53.75
2012-07-26,54.12
2012-07-27,55.21
2012-07-30,55.5
2012-07-31,54.73
2012-08-01,54.03
2012-08-02,53.82
2012-08-03,54.6
2012-08-06,54.95
2012-08-07,55.76
2012-08-08,55.56
2012-08-09,55.69
2012-08-10,55.41
2012-08-13,55.07
2012-08-14,54.24
2012-08-15,54.72
2012-08-16,55.02
2012-08-17,55.13
2012-08-20,54.58
2012-08-21,53.74
2012-08-22,55.53
2012-08-23,54.5
2012-08-24,54.58
2012-08-27,54.69
2012-08-28,54.45
2012-08-29,54.86
2012-08-30,54.25
2012-08-31,55.01
2012-09-04,54.09
2012-09-05,54.39
2012-09-06,56.5
2012-09-07,56.57
2012-09-10,57.9
2012-09-11,57.94
2012-09-12,57.89
2012-09-13,59.29
2012-09-14,59.42
2012-09-17,59.25
2012-09-18,58.73
2012-09-19,58.62
2012-09-20,59.19
2012-09-21,58.8
2012-09-24,58.41
2012-09-25,57.52
2012-09-26,57.3
2012-09-27,57.62
2012-09-28,57.42
2012-10-01,57.78
2012-10-02,57.32
2012-10-03,58.31
2012-10-04,58.51
2012-10-05,58.97
2012-10-08,58.86
2012-10-09,57.86
2012-10-10,57.68
2012-10-11,57.73
2012-10-12,57.12
2012-10-15,58.07
2012-10-16,58.91
2012-10-17,59.49
2012-10-18,59.55
2012-10-19,58.87
2012-10-22,58.85
2012-10-23,57.77
2012-10-24,58.59
2012-10-25,58.01
2012-10-26,58.06
2012-10-31,58.54
2012-11-01,60.9
2012-11-02,59.96
2012-11-05,60.89
2012-11-06,61.6
2012-11-07,60.32
2012-11-08,58.81
2012-11-09,58.69
2012-11-12,58.74
2012-11-13,58.73
2012-11-14,58.16
2012-11-15,57.63
2012-11-16,57.81
2012-11-19,60.03
2012-11-20,60.78
2012-11-21,60.88
2012-11-23,61.69
2012-11-26,61.51
2012-11-27,61.2
2012-11-28,60.95
2012-11-29,61.32
2012-11-30,62.14
2012-12-03,60.47
2012-12-04,60.16
2012-12-05,59.73
2012-12-06,61.61
2012-12-07,60.69
2012-12-10,61.92
2012-12-11,62.52
2012-12-12,62.28
2012-12-13,62.61
2012-12-14,64.97
2012-12-17,65.1
2012-12-18,66.24
2012-12-19,65.61
2012-12-20,67.2
2012-12-21,66.63
2012-12-24,67.62
2012-12-26,67.37
2012-12-27,66.56
2012-12-28,66.35
2012-12-31,67.68
2013-01-02,69.28
2013-01-03,68.88
2013-01-04,69.74
2013-01-07,69.13
2013-01-08,70.12
2013-01-09,70.7
2013-01-10,70.89
2013-01-11,71.05
2013-01-14,70.52
2013-01-15,70.07
2013-01-16,69.57
2013-01-17,70.99
2013-01-18,71.37
2013-01-22,71.39
2013-01-23,71.71
2013-01-24,71.99
2013-01-25,72.11
2013-01-28,70.0
2013-01-29,70.53
2013-01-30,70.12
2013-01-31,68.94
2013-02-01,70.28
2013-02-04,69.47
2013-02-05,69.19
2013-02-06,69.17
2013-02-07,68.99
2013-02-08,69.44
2013-02-11,69.68
2013-02-12,68.23
2013-02-13,69.56
2013-02-14,69.5
2013-02-15,69.7
2013-02-19,67.86
2013-02-20,65.76
2013-02-21,65.04
2013-02-22,66.16
2013-02-25,65.15
2013-02-26,66.34
2013-02-27,67.33
2013-02-28,67.33
2013-03-01,67.41
2013-03-04,67.8
2013-03-05,68.11
2013-03-06,67.73
2013-03-07,67.74
2013-03-08,68.67
2013-03-11,68.89
2013-03-12,69.57
2013-03-13,70.76
2013-03-14,71.12
2013-03-15,70.65
2013-03-18,70.55
2013-03-19,70.44
2013-03-20,70.51
2013-03-21,68.65
2013-03-22,67.99
2013-03-25,66.95
2013-03-26,67.02
2013-03-27,66.71
2013-03-28,66.97
2013-04-01,67.08
2013-04-02,66.85
2013-04-03,66.36
2013-04-04,66.95
2013-04-05,65.87
2013-04-08,65.73
2013-04-09,66.33
2013-04-10,67.33
2013-04-11,68.81
2013-04-12,68.13
2013-04-15,65.72
2013-04-16,67.28
2013-04-17,66.2
2013-04-18,70.33
2013-04-19,70.8
2013-04-22,71.78
2013-04-23,72.4
2013-04-24,72.49
2013-04-25,73.46
2013-04-26,72.47
2013-04-29,73.51
2013-04-30,73.57
2013-05-01,72.6
2013-05-02,74.24
2013-05-03,76.14
2013-05-06,75.88
2013-05-07,76.61
2013-05-08,77.57
2013-05-09,76.96
2013-05-10,77.07
2013-05-13,76.61
2013-05-14,78.41
2013-05-15,78.24
2013-05-16,77.78
2013-05-17,79.42
2013-05-20,78.53
2013-05-21,79.47
2013-05-22,78.78
2013-05-23,78.43
2013-05-24,78.42
2013-05-28,78.67
2013-05-29,78.55
2013-05-30,78.16
2013-05-31,76.81
2013-06-03,77.57
2013-06-04,76.78
2013-06-05,75.0
2013-06-06,75.64
2013-06-07,77.46
2013-06-10,77.14
2013-06-11,75.95
2013-06-12,75.48
2013-06-13,77.64
2013-06-14,76.92
2013-06-17,78.06
2013-06-18,78.29
2013-06-19,77.09
2013-06-20,75.04
2013-06-21,74.45
2013-06-24,73.34
2013-06-25,73.92
2013-06-26,74.5
2013-06-27,74.52
2013-06-28,73.21
2013-07-01,74.22
2013-07-02,74.54
2013-07-03,74.8
2013-07-05,76.21
2013-07-08,76.62
2013-07-09,78.27
2013-07-10,78.02
2013-07-11,79.02
2013-07-12,78.87
2013-07-15,78.5
2013-07-16,77.42
2013-07-17,78.43
2013-07-18,80.0
2013-07-19,79.58
2013-07-22,79.87
2013-07-23,79.57
2013-07-24,78.54
2013-07-25,79.37
2013-07-26,78.56
2013-07-29,80.59
2013-07-30,80.53
2013-07-31,80.22
2013-08-01,81.38
2013-08-02,81.18
2013-08-05,80.95
2013-08-06,80.71
2013-08-07,80.55
2013-08-08,80.92
2013-08-09,80.85
2013-08-12,80.67
2013-08-13,81.38
2013-08-14,81.19
2013-08-15,79.39
2013-08-16,79.3
2013-08-19,78.41
2013-08-20,79.49
2013-08-21,79.56
2013-08-22,80.08
2013-08-23,81.12
2013-08-26,80.14
2013-08-27,78.88
2013-08-28,77.88
2013-08-29,78.1
2013-08-30,78.11
2013-09-03,78.61
2013-09-04,79.47
2013-09-05,80.29
2013-09-06,79.63
2013-09-09,80.82
2013-09-10,81.86
2013-09-11,82.21
2013-09-12,81.44
2013-09-13,81.22
2013-09-16,82.6
2013-09-17,82.68
2013-09-18,83.91
2013-09-19,84.0
2013-09-20,83.14
2013-09-23,81.71
2013-09-24,81.74
2013-09-25,82.32
2013-09-26,83.33
2013-09-27,82.64
2013-09-30,83.53
2013-10-01,83.41
2013-10-02,83.32
2013-10-03,83.25
2013-10-04,85.45
2013-10-07,83.96
2013-10-08,81.41
2013-10-09,81.24
2013-10-10,82.37
2013-10-11,83.38
2013-10-14,83.07
2013-10-15,82.74
2013-10-16,83.11
2013-10-17,87.24
2013-10-18,87.89
2013-10-21,88.31
2013-10-22,90.06
2013-10-23,89.23
2013-10-24,89.73
2013-10-25,90.96
2013-10-28,90.45
2013-10-29,92.76
2013-10-30,90.83
2013-10-31,91.29
2013-11-01,91.38
2013-11-04,91.73
2013-11-05,91.66
2013-11-06,91.4
2013-11-07,89.82
2013-11-08,90.79
2013-11-11,91.08
2013-11-12,91.26
2013-11-13,92.31
2013-11-14,92.79
2013-11-15,92.45
2013-11-18,92.33
2013-11-19,92.38
2013-11-20,91.1
2013-11-21,91.66
2013-11-22,91.89
2013-11-25,92.1
2013-11-26,92.57
2013-11-27,92.27
2013-11-29,92.03
2013-12-02,91.83
2013-12-03,90.83
2013-12-04,91.48
2013-12-05,90.89
2013-12-06,93.92
2013-12-09,93.36
2013-12-10,93.68
2013-12-11,91.18
2013-12-12,91.96
2013-12-13,91.46
2013-12-16,91.2
2013-12-17,91.81
2013-12-18,92.62
2013-12-19,92.65
2013-12-20,93.31
2013-12-23,92.75
2013-12-24,93.79
2013-12-26,94.04
2013-12-27,93.89
2013-12-30,94.24
2013-12-31,94.83
2014-01-02,94.47
2014-01-03,94.71
2014-01-06,93.76
2014-01-07,94.14
2014-01-08,94.74
2014-01-09,95.07
2014-01-10,95.29
2014-01-13,93.88
2014-01-14,95.45
2014-01-15,95.35
2014-01-16,93.84
2014-01-17,94.74
2014-01-21,95.0
2014-01-22,93.58
2014-01-23,93.45
2014-01-24,90.8
2014-01-27,91.6
2014-01-28,91.22
2014-01-29,91.6
2014-01-30,92.34
2014-01-31,91.18
2014-02-03,88.44
2014-02-04,88.62
2014-02-05,88.61
2014-02-06,89.46
2014-02-07,91.27
2014-02-10,91.97
2014-02-11,92.58
2014-02-12,92.88
2014-02-13,93.62
2014-02-14,94.45
2014-02-18,93.3
2014-02-19,93.53
2014-02-20,94.38
2014-02-21,94.94
2014-02-24,94.26
2014-02-25,95.39
2014-02-26,96.57
2014-02-27,96.85
2014-02-28,98.91
2014-03-03,98.53
2014-03-04,100.1
2014-03-05,99.77
2014-03-06,100.07
2014-03-07,100.04
2014-03-10,100.15
2014-03-11,98.76
2014-03-12,98.61
2014-03-13,97.46
2014-03-14,97.29
2014-03-17,97.98
2014-03-18,98.98
2014-03-19,97.58
2014-03-20,97.37
2014-03-21,97.56
2014-03-24,96.61
2014-03-25,96.44
2014-03-26,95.21
2014-03-27,94.77
2014-03-28,95.41
2014-03-31,96.73
2014-04-01,98.32
2014-04-02,98.63
2014-04-03,98.69
2014-04-04,98.88
2014-04-07,96.54
2014-04-08,96.25
2014-04-09,97.85
2014-04-10,94.98
2014-04-11,93.91
2014-04-14,94.28
2014-04-15,94.27
2014-04-16,95.82
2014-04-17,99.73
2014-04-21,98.27
2014-04-22,98.18
2014-04-23,98.15
2014-04-24,97.26
2014-04-25,96.49
2014-04-28,95.74
2014-04-29,96.5
2014-04-30,96.81
2014-05-01,96.32
2014-05-02,97.59
2014-05-05,97.95
2014-05-06,97.74
2014-05-07,99.37
2014-05-08,98.14
2014-05-09,98.31
2014-05-12,99.71
2014-05-13,98.87
2014-05-14,98.28
2014-05-15,97.32
2014-05-16,97.68
2014-05-19,98.02
2014-05-20,97.85
2014-05-21,98.59
2014-05-22,98.18
2014-05-23,99.43
2014-05-27,99.06
2014-05-28,100.13
2014-05-29,100.5
2014-05-30,100.81
2014-06-02,101.17
2014-06-03,100.86
2014-06-04,101.93
2014-06-05,101.58
2014-06-06,102.47
2014-06-09,102.56
2014-06-10,102.9
2014-06-11,102.8
2014-06-12,101.79
2014-06-13,102.14
2014-06-16,101.51
2014-06-17,101.26
2014-06-18,101.8
2014-06-19,101.61
2014-06-20,102.29
2014-06-23,102.19
2014-06-24,101.52
2014-06-25,102.24
2014-06-26,101.29
2014-06-27,102.03
2014-06-30,105.08
2014-07-01,104.43
2014-07-02,104.16
2014-07-03,105.08
2014-07-07,104.19
2014-07-08,103.4
2014-07-09,103.91
2014-07-10,103.7
2014-07-11,104.02
2014-07-14,104.0
2014-07-15,102.78
2014-07-16,102.9
2014-07-17,103.85
2014-07-18,104.78
2014-07-21,104.38
2014-07-22,105.06
2014-07-23,105.16
2014-07-24,105.01
2014-07-25,104.44
2014-07-28,104.34
2014-07-29,102.5
2014-07-30,102.22
2014-07-31,99.18
2014-08-01,99.2
2014-08-04,100.31
2014-08-05,99.11
2014-08-06,99.45
2014-08-07,98.66
2014-08-08,100.11
2014-08-11,99.59
2014-08-12,99.77
2014-08-13,101.01
2014-08-14,100.79
2014-08-15,101.14
2014-08-18,101.89
2014-08-19,102.32
2014-08-20,102.04
2014-08-21,102.54
2014-08-22,102.28
2014-08-25,103.12
2014-08-26,103.23
2014-08-27,102.62
2014-08-28,102.72
2014-08-29,102.93
2014-09-02,102.6
2014-09-03,101.77
2014-09-04,101.81
2014-09-05,101.98
2014-09-08,101.96
2014-09-09,100.73
2014-09-10,101.23
2014-09-11,100.71
2014-09-12,99.84
2014-09-15,99.86
2014-09-16,100.26
2014-09-17,100.92
2014-09-18,101.58
2014-09-19,101.41
2014-09-22,99.84
2014-09-23,99.14
2014-09-24,100.27
2014-09-25,98.71
2014-09-26,99.23
2014-09-29,99.73
2014-09-30,98.37
2014-10-01,95.59
2014-10-02,95.59
2014-10-03,95.93
2014-10-06,95.64
2014-10-07,93.21
2014-10-08,94.77
2014-10-09,93.02
2014-10-10,91.78
2014-10-13,88.3
2014-10-14,88.79
2014-10-15,90.25
2014-10-16,90.92
2014-10-17,93.63
2014-10-20,95.59
2014-10-21,98.02
2014-10-22,96.86
2014-10-23,97.45
2014-10-24,97.93
2014-10-27,96.3
2014-10-28,97.7
2014-10-29,96.03
2014-10-30,96.18
2014-10-31,101.85
2014-11-03,100.19
2014-11-04,99.24
2014-11-05,102.63
2014-11-06,103.05
2014-11-07,103.45
2014-11-10,103.14
2014-11-11,102.63
2014-11-12,101.95
2014-11-13,102.62
2014-11-14,101.95
2014-11-17,102.67
2014-11-18,104.25
2014-11-19,105.33
2014-11-20,106.33
2014-11-21,107.68
2014-11-24,107.79
2014-11-25,107.7
2014-11-26,108.48
2014-11-28,109.41
2014-12-01,109.94
2014-12-02,109.57
2014-12-03,111.63
2014-12-04,111.86
2014-12-05,111.43
2014-12-08,111.42
2014-12-09,112.85
2014-12-10,110.43
2014-12-11,111.3
2014-12-12,109.91
2014-12-15,109.06
2014-12-16,108.33
2014-12-17,111.13
2014-12-18,113.51
2014-12-19,113.95
2014-12-22,114.8
2014-12-23,115.54
2014-12-24,115.56
2014-12-26,115.8
2014-12-29,116.23
2014-12-30,115.83
2014-12-31,115.58
2015-01-02,114.7
2015-01-05,111.74
2015-01-06,111.47
2015-01-07,111.96
2015-01-08,114.94
2015-01-09,113.49
2015-01-12,113.13
2015-01-13,113.5
2015-01-14,113.49
2015-01-15,113.1
2015-01-16,115.19
2015-01-20,114.08
2015-01-21,114.02
2015-01-22,115.68
2015-01-23,113.91
2015-01-26,113.91
2015-01-27,112.98
2015-01-28,110.87
2015-01-29,112.86
2015-01-30,111.44
2015-02-02,111.87
2015-02-03,113.45
2015-02-04,113.73
2015-02-05,115.19
2015-02-06,115.43
2015-02-09,113.41
2015-02-10,114.12
2015-02-11,114.11
2015-02-12,116.52
2015-02-13,118.39
2015-02-17,117.93
2015-02-18,118.12
2015-02-19,117.75
2015-02-20,118.32
2015-02-23,118.25
2015-02-24,118.39
2015-02-25,117.84
2015-02-26,117.92
2015-02-27,117.69
2015-03-02,118.85
2015-03-03,117.27
2015-03-04,117.67
2015-03-05,117.73
2015-03-06,115.99
2015-03-09,116.15
2015-03-10,113.84
2015-03-11,112.59
2015-03-12,114.85
2015-03-13,113.96
2015-03-16,115.04
2015-03-17,113.63
2015-03-18,114.82
2015-03-19,113.09
2015-03-20,114.53
2015-03-23,113.22
2015-03-24,112.75
2015-03-25,111.23
2015-03-26,110.65
2015-03-27,111.48
2015-03-30,112.25
2015-03-31,112.77
2015-04-01,112.23
2015-04-02,111.79
2015-04-06,112.11
2015-04-07,112.45
2015-04-08,113.07
2015-04-09,114.17
2015-04-10,114.75
2015-04-13,114.8
2015-04-14,113.98
2015-04-15,113.64
2015-04-16,113.38
2015-04-17,113.31
2015-04-20,113.84
2015-04-21,113.53
2015-04-22,113.2
2015-04-23,112.94
2015-04-24,111.66
2015-04-27,110.43
2015-04-28,110.38
2015-04-29,111.09
2015-04-30,110.78
2015-05-01,112.28
2015-05-04,112.52
2015-05-05,110.79
2015-05-06,111.03
2015-05-07,112.46
2015-05-08,114.53
2015-05-11,113.67
2015-05-12,112.25
2015-05-13,112.7
2015-05-14,114.4
2015-05-15,115.85
2015-05-18,115.47
2015-05-19,115.0
2015-05-20,114.47
2015-05-21,114.62
2015-05-22,114.6
2015-05-26,113.36
2015-05-27,114.57
2015-05-28,114.91
2015-05-29,114.45
2015-06-01,114.52
2015-06-02,114.13
2015-06-03,115.0
2015-06-04,114.39
2015-06-05,114.32
2015-06-08,114.05
2015-06-09,114.63
2015-06-10,115.94
2015-06-11,117.0
2015-06-12,116.63
2015-06-15,115.43
2015-06-16,116.0
2015-06-17,116.67
2015-06-18,117.81
2015-06-19,117.3
2015-06-22,118.17
2015-06-23,118.29
2015-06-24,117.97
2015-06-25,117.74
2015-06-26,118.01
2015-06-29,114.98
2015-06-30,114.72
2015-07-01,116.5
2015-07-02,115.91
2015-07-06,115.1
2015-07-07,115.06
2015-07-08,113.1
2015-07-09,112.64
2015-07-10,114.9
2015-07-13,116.53
2015-07-14,117.61
2015-07-15,116.98
2015-07-16,111.82
2015-07-17,111.8
2015-07-20,110.85
2015-07-21,108.21
2015-07-22,108.09
2015-07-23,105.63
2015-07-24,103.25
2015-07-27,102.39
2015-07-28,106.92
2015-07-29,108.57
2015-07-30,108.52
2015-07-31,108.38
2015-08-03,107.87
2015-08-04,106.54
2015-08-05,106.59
2015-08-06,105.21
2015-08-07,103.92
2015-08-10,106.61
2015-08-11,104.41
2015-08-12,104.03
2015-08-13,103.52
2015-08-14,104.7
2015-08-17,104.26
2015-08-18,104.57
2015-08-19,102.5
2015-08-20,99.87
2015-08-21,97.21
2015-08-24,92.26
2015-08-25,91.05
2015-08-26,93.1
2015-08-27,95.19
2015-08-28,96.11
2015-08-31,95.29
2015-09-01,91.35
2015-09-02,93.53
2015-09-03,93.98
2015-09-04,93.31
2015-09-08,96.4
2015-09-09,96.1
2015-09-10,96.64
2015-09-11,96.72
2015-09-14,94.16
2015-09-15,94.28
2015-09-16,95.07
2015-09-17,94.46
2015-09-18,93.19
2015-09-21,93.45
2015-09-22,91.62
2015-09-23,89.94
2015-09-24,88.11
2015-09-25,88.34
2015-09-28,84.51
2015-09-29,85.95
2015-09-30,87.69
2015-10-01,90.13
2015-10-02,92.66
2015-10-05,94.59
2015-10-06,93.4
2015-10-07,94.31
2015-10-08,95.77
2015-10-09,95.97
2015-10-12,97.34
2015-10-13,97.18
2015-10-14,97.32
2015-10-15,99.26
2015-10-16,100.74
2015-10-19,101.18
2015-10-20,101.38
2015-10-21,100.64
2015-10-22,103.62
2015-10-23,103.99
2015-10-26,103.93
2015-10-27,102.93
2015-10-28,104.33
2015-10-29,104.28
2015-10-30,104.26
2015-11-02,104.0
2015-11-03,104.19
2015-11-04,103.86
2015-11-05,103.21
2015-11-06,103.0
2015-11-09,101.73
2015-11-10,101.12
2015-11-11,101.61
2015-11-12,99.21
2015-11-13,100.83
2015-11-16,101.95
2015-11-17,101.71
2015-11-18,104.23
2015-11-19,103.37
2015-11-20,104.62
2015-11-23,105.47
2015-11-24,105.49
2015-11-25,106.46
2015-11-27,106.21
2015-11-30,105.74
2015-12-01,106.76
2015-12-02,105.34
2015-12-03,104.3
2015-12-04,105.96
2015-12-07,104.99
2015-12-08,102.75
2015-12-09,101.55
2015-12-10,100.88
2015-12-11,98.73
2015-12-14,97.73
2015-12-15,98.55
2015-12-16,100.22
2015-12-17,98.24
2015-12-18,96.29
2015-12-21,97.23
2015-12-22,98.76
2015-12-23,100.24
2015-12-24,100.39
2015-12-28,99.9
2015-12-29,100.58
2015-12-30,99.77
2015-12-31,98.82
2016-01-04,97.96
2016-01-05,98.31
2016-01-06,96.47
2016-01-07,95.25
2016-01-08,94.49
2016-01-11,94.45
2016-01-12,95.12
2016-01-13,93.05
2016-01-14,93.57
2016-01-15,91.9
2016-01-19,91.6
2016-01-20,93.52
2016-01-21,91.92
2016-01-22,93.16
2016-01-25,91.11
2016-01-26,92.58
2016-01-27,92.8
2016-01-28,92.09
2016-01-29,95.12
2016-02-01,95.59
2016-02-02,93.04
2016-02-03,95.11
2016-02-04,95.7
2016-02-05,92.87
2016-02-08,89.65
2016-02-09,90.99
2016-02-10,91.34
2016-02-11,89.27
2016-02-12,91.78
2016-02-16,93.62
2016-02-17,95.0
2016-02-18,94.69
2016-02-19,95.63
2016-02-22,96.72
2016-02-23,94.87
2016-02-24,95.68
2016-02-25,97.01
2016-02-26,98.16
2016-02-29,96.53
2016-03-01,99.58
2016-03-02,99.33
2016-03-03,100.3
2016-03-04,102.49
2016-03-07,103.37
2016-03-08,101.51
2016-03-09,102.28
2016-03-10,102.91
2016-03-11,105.01
2016-03-14,104.74
2016-03-15,104.76
2016-03-16,106.61
2016-03-17,109.4
2016-03-18,108.9
2016-03-21,108.89
2016-03-22,109.84
2016-03-23,109.14
2016-03-24,108.95
2016-03-28,109.4
2016-03-29,110.57
2016-03-30,111.9
2016-03-31,111.49
2016-04-01,113.11
2016-04-04,112.19
2016-04-05,111.43
2016-04-06,112.08
2016-04-07,110.61
2016-04-08,111.83
2016-04-11,111.68
2016-04-12,112.94
2016-04-13,114.23
2016-04-14,114.51
2016-04-15,115.35
2016-04-18,115.75
2016-04-19,116.55
2016-04-20,116.07
2016-04-21,110.26
2016-04-22,113.19
2016-04-25,112.6
2016-04-26,113.55
2016-04-27,112.99
2016-04-28,112.77
2016-04-29,110.39
2016-05-02,111.24
2016-05-03,109.5
2016-05-04,108.59
2016-05-05,108.58
2016-05-06,108.31
2016-05-09,107.44
2016-05-10,108.73
2016-05-11,107.42
2016-05-12,107.49
2016-05-13,106.7
2016-05-16,108.16
2016-05-17,107.01
2016-05-18,106.39
2016-05-19,105.64
2016-05-20,106.21
2016-05-23,106.43
2016-05-24,107.76
2016-05-25,108.32
2016-05-26,107.7
2016-05-27,108.6
2016-05-31,107.68
2016-06-01,107.98
2016-06-02,108.2
2016-06-03,107.67
2016-06-06,108.12
2016-06-07,107.77
2016-06-08,110.95
2016-06-09,110.43
2016-06-10,109.24
2016-06-13,107.69
2016-06-14,107.08
2016-06-15,106.62
2016-06-16,106.96
2016-06-17,108.18
2016-06-20,108.42
2016-06-21,108.06
2016-06-22,107.81
2016-06-23,111.22
2016-06-24,102.73
2016-06-27,98.69
2016-06-28,100.56
2016-06-29,102.49
2016-06-30,104.15
2016-07-01,104.52
2016-07-05,102.65
2016-07-06,102.97
2016-07-07,103.03
2016-07-08,106.32
2016-07-11,106.61
2016-07-12,108.7
2016-07-13,109.47
2016-07-14,108.63
2016-07-15,109.27
2016-07-18,109.3
2016-07-19,108.38
2016-07-20,110.03
2016-07-21,108.59
2016-07-22,107.65
2016-07-25,106.59
2016-07-26,106.76
2016-07-27,106.09
2016-07-28,105.48
2016-07-29,104.71
2016-08-01,104.67
2016-08-02,103.69
2016-08-03,104.33
2016-08-04,104.1
2016-08-05,104.43
2016-08-08,104.48
2016-08-09,104.37
2016-08-10,104.69
2016-08-11,104.74
2016-08-12,103.99
2016-08-15,104.46
2016-08-16,103.65
2016-08-17,103.59
2016-08-18,103.77
2016-08-19,104.73
2016-08-22,105.21
2016-08-23,106.44
2016-08-24,106.39
2016-08-25,106.75
2016-08-26,105.75
2016-08-29,107.6
2016-08-30,107.28
2016-08-31,105.88
2016-09-01,105.98
2016-09-02,107.04
2016-09-06,107.62
2016-09-07,106.73
2016-09-08,105.3
2016-09-09,100.86
2016-09-12,102.76
2016-09-13,101.16
2016-09-14,100.68
2016-09-15,101.24
2016-09-16,100.21
2016-09-19,101.08
2016-09-20,101.26
2016-09-21,102.46
2016-09-22,103.14
2016-09-23,103.27
2016-09-26,102.14
2016-09-27,102.45
2016-09-28,103.57
2016-09-29,102.06
2016-09-30,103.36
2016-10-03,103.44
2016-10-04,102.05
2016-10-05,101.58
2016-10-06,102.19
2016-10-07,93.73
2016-10-10,93.85
2016-10-11,92.3
2016-10-12,91.94
2016-10-13,92.12
2016-10-14,92.6
2016-10-17,92.66
2016-10-18,92.81
2016-10-19,92.56
2016-10-20,92.66
2016-10-21,92.38
2016-10-24,93.24
2016-10-25,91.22
2016-10-26,92.52
2016-10-27,93.35
2016-10-28,92.87
2016-10-31,93.13
2016-11-01,92.74
2016-11-02,92.38
2016-11-03,91.75
2016-11-04,92.81
2016-11-07,94.35
2016-11-08,94.74
2016-11-09,95.29
2016-11-10,96.87
2016-11-11,95.77
2016-11-14,96.05
2016-11-15,96.23
2016-11-16,96.36
2016-11-17,96.61
2016-11-18,95.19
2016-11-21,96.19
2016-11-22,96.62
2016-11-23,97.59
2016-11-25,98.13
2016-11-28,97.35
2016-11-29,98.0
2016-11-30,95.93
2016-12-01,95.24
2016-12-02,94.58
2016-12-05,95.99
2016-12-06,96.22
2016-12-07,98.18
2016-12-08,99.41
2016-12-09,99.3
2016-12-12,98.65
2016-12-13,97.05
2016-12-14,96.17
2016-12-15,96.1
2016-12-16,95.92
2016-12-19,96.22
2016-12-20,95.64
2016-12-21,95.87
2016-12-22,95.0
2016-12-23,94.69
2016-12-27,95.85
2016-12-28,94.67
2016-12-29,95.31
2016-12-30,94.76
2017-01-03,95.25
2017-01-04,97.27
2017-01-05,95.62
2017-01-06,95.59
2017-01-09,96.35
2017-01-10,96.39
2017-01-11,96.63
2017-01-12,96.87
2017-01-13,96.32
2017-01-17,95.97
2017-01-18,96.69
2017-01-19,97.5
2017-01-20,99.0
2017-01-23,100.24
2017-01-24,101.8
2017-01-25,101.08
2017-01-26,101.85
2017-01-27,102.02
2017-01-30,102.03
2017-01-31,100.01
2017-02-01,100.56
2017-02-02,100.58
2017-02-03,100.94
2017-02-06,99.92
2017-02-07,100.01
2017-02-08,100.1
2017-02-09,100.13
2017-02-10,100.54
2017-02-13,100.81
2017-02-14,101.57
2017-02-15,101.5
2017-02-16,101.77
2017-02-17,102.37
2017-02-21,103.0
2017-02-22,102.81
2017-02-23,102.6
2017-02-24,103.31
2017-02-27,102.45
2017-02-28,102.43
2017-03-01,103.29
2017-03-02,102.38
2017-03-03,102.06
2017-03-06,101.2
2017-03-07,100.78
2017-03-08,106.83
2017-03-09,102.93
2017-03-10,102.09
2017-03-13,102.68
2017-03-14,101.73
2017-03-15,104.04
2017-03-16,103.62
2017-03-17,104.49
2017-03-20,105.57
2017-03-21,104.48
2017-03-22,104.25
2017-03-23,104.62
2017-03-24,103.79
2017-03-27,103.82
2017-03-28,104.97
2017-03-29,105.77
2017-03-30,105.23
2017-03-31,105.08
2017-04-03,105.08
2017-04-04,104.77
2017-04-05,105.0
2017-04-06,105.27
2017-04-07,106.05
2017-04-10,105.79
2017-04-11,106.06
2017-04-12,105.06
2017-04-13,104.42
2017-04-17,105.39
2017-04-18,104.74
2017-04-19,105.0
2017-04-20,106.37
2017-04-21,105.94
2017-04-24,108.01
2017-04-25,110.82
2017-04-26,110.48
2017-04-27,111.29
2017-04-28,109.84
2017-05-01,109.46
2017-05-02,109.47
2017-05-03,109.2
2017-05-04,109.89
2017-05-05,110.56
2017-05-08,108.43
2017-05-09,107.85
2017-05-10,107.85
2017-05-11,107.46
2017-05-12,107.12
2017-05-15,107.98
2017-05-16,107.41
2017-05-17,105.48
2017-05-18,105.39
2017-05-19,106.73
2017-05-22,106.42
2017-05-23,106.7
2017-05-24,106.94
2017-05-25,106.91
2017-05-26,107.24
2017-05-30,106.48
2017-05-31,106.36
2017-06-01,109.16
2017-06-02,110.42
2017-06-05,108.36
2017-06-06,108.38
2017-06-07,107.85
2017-06-08,107.92
2017-06-09,109.93
2017-06-12,110.14
2017-06-13,111.57
2017-06-14,111.5
2017-06-15,111.32
2017-06-16,111.16
2017-06-19,111.11
2017-06-20,110.78
2017-06-21,110.68
2017-06-22,110.57
2017-06-23,110.68
2017-06-26,110.82
2017-06-27,110.49
2017-06-28,111.07
2017-06-29,109.65
2017-06-30,109.96
2017-07-03,110.61
2017-07-05,110.68
2017-07-06,110.05
2017-07-07,111.0
2017-07-10,110.98
2017-07-11,110.97
2017-07-12,111.84
2017-07-13,112.4
2017-07-14,112.8
2017-07-17,112.96
2017-07-18,112.95
2017-07-19,113.6
2017-07-20,106.72
2017-07-21,106.37
2017-07-24,105.39
2017-07-25,107.11
2017-07-26,106.75
2017-07-27,106.15
2017-07-28,106.03
2017-07-31,105.25
2017-08-01,105.11
2017-08-02,106.21
2017-08-03,104.67
2017-08-04,105.01
2017-08-07,105.14
2017-08-08,103.4
2017-08-09,103.37
2017-08-10,101.33
2017-08-11,100.73
2017-08-14,102.56
2017-08-15,102.94
2017-08-16,103.74
2017-08-17,102.68
2017-08-18,102.08
2017-08-21,102.39
2017-08-22,104.54
2017-08-23,103.63
2017-08-24,103.71
2017-08-25,103.72
2017-08-28,104.15
2017-08-29,103.86
2017-08-30,103.81
2017-08-31,104.32
2017-09-01,104.59
2017-09-05,103.44
2017-09-06,104.2
2017-09-07,104.01
2017-09-08,103.59
2017-09-11,105.9
2017-09-12,106.69
2017-09-13,105.06
2017-09-14,106.48
2017-09-15,106.3
2017-09-18,106.8
2017-09-19,108.34
2017-09-20,108.81
2017-09-21,108.99
2017-09-22,108.76
2017-09-25,109.16
2017-09-26,108.51
2017-09-27,107.99
2017-09-28,108.85
2017-10-02,111.0
2017-10-03,111.99
2017-10-04,112.26
2017-10-05,113.03
2017-10-06,113.28
2017-10-09,112.64
2017-10-10,112.38
2017-10-11,112.41
2017-10-12,113.4
2017-10-13,113.5
2017-10-16,113.17
2017-10-17,112.96
2017-10-18,112.88
2017-10-19,114.31
2017-10-20,117.76
2017-10-23,116.89
2017-10-24,117.44
2017-10-25,117.72
2017-10-26,118.67
2017-10-27,117.93
2017-10-30,116.16
2017-10-31,116.24
2017-11-01,115.92
2017-11-02,116.16
2017-11-03,116.53
2017-11-06,116.34
2017-11-07,116.34
2017-11-08,116.12
2017-11-09,115.13
2017-11-10,114.67
2017-11-13,114.55
2017-11-14,114.35
2017-11-15,113.39
2017-11-16,114.01
2017-11-17,113.83
2017-11-20,114.88
2017-11-21,115.34
2017-11-22,115.27
2017-11-24,116.1
2017-11-27,115.85
2017-11-28,117.34
2017-11-29,117.01
2017-12-01,115.93
2017-12-04,117.56
2017-12-05,116.75
2017-12-06,116.19
2017-12-07,116.11
2017-12-08,115.92
2017-12-11,115.68
2017-12-12,115.89
2017-12-13,116.25
2017-12-14,113.82
2017-12-15,115.09
2017-12-18,116.13
2017-12-19,116.31
2017-12-20,116.16
2017-12-21,116.18
2017-12-22,116.19
2017-12-26,116.28
2017-12-27,116.49
2017-12-28,117.17
2017-12-29,116.82
2018-01-02,118.0
2018-01-03,118.19
2018-01-04,117.47
2018-01-05,118.92
2018-01-08,118.72
2018-01-09,118.22
2018-01-10,116.61
2018-01-11,117.57
2018-01-12,118.17
2018-01-16,116.64
2018-01-17,114.5
2018-01-18,118.41
2018-01-19,118.44
2018-01-22,116.78
2018-01-23,117.25
2018-01-24,118.94
2018-01-25,120.21
2018-01-26,121.47
2018-01-29,119.57
2018-01-30,118.35
2018-01-31,118.73
2018-02-01,117.62
2018-02-02,115.61
2018-02-05,111.98
2018-02-06,113.96
2018-02-07,114.13
2018-02-08,110.3
2018-02-09,112.37
2018-02-12,113.98
2018-02-13,114.56
2018-02-14,116.32
2018-02-15,116.19
2018-02-16,116.16
2018-02-20,115.4
2018-02-21,115.62
2018-02-22,115.86
2018-02-23,117.46
2018-02-26,117.53
2018-02-27,115.31
2018-02-28,112.44
2018-03-01,111.11
2018-03-02,110.25
2018-03-05,112.76
2018-03-06,115.07
2018-03-07,115.02
2018-03-08,115.4
2018-03-09,117.65
2018-03-12,116.46
2018-03-13,116.07
2018-03-14,115.04
2018-03-15,114.28
2018-03-16,114.93
2018-03-19,113.22
2018-03-20,113.85
2018-03-21,113.95
2018-03-22,111.31
2018-03-23,109.48
2018-03-26,111.93
2018-03-27,111.91
2018-03-28,109.97
2018-03-29,111.6
2018-04-02,108.26
2018-04-03,110.18
2018-04-04,110.79
2018-04-05,111.67
2018-04-06,109.39
2018-04-09,109.61
2018-04-10,110.36
2018-04-11,109.28
2018-04-12,110.04
2018-04-13,110.0
2018-04-16,111.77
2018-04-17,113.08
2018-04-18,113.19
2018-04-19,109.64
2018-04-20,108.87
2018-04-23,108.88
2018-04-24,105.77
2018-04-25,107.88
2018-04-26,107.7
2018-04-27,107.97
2018-04-30,105.88
2018-05-01,106.92
2018-05-02,105.71
2018-05-03,104.96
2018-05-04,106.4
2018-05-07,106.21
2018-05-08,106.68
2018-05-09,107.05
2018-05-10,106.11
2018-05-11,100.43
2018-05-14,102.97
2018-05-15,103.03
2018-05-16,103.5
2018-05-17,104.41
2018-05-18,104.95
2018-05-21,105.03
2018-05-22,102.84
2018-05-23,102.71
2018-05-24,102.5
2018-05-25,103.4
2018-05-29,101.04
2018-05-30,101.43
2018-05-31,100.92
2018-06-01,102.01
2018-06-04,102.43
2018-06-05,102.5
2018-06-06,103.93
2018-06-07,103.09
2018-06-08,104.15
2018-06-11,103.93
2018-06-12,103.53
2018-06-13,103.3
2018-06-14,103.96
2018-06-15,105.38
2018-06-18,105.0
2018-06-19,104.13
2018-06-20,105.14
2018-06-21,104.3
2018-06-22,105.42
2018-06-25,105.11
2018-06-26,105.83
2018-06-27,105.11
2018-06-28,105.72
2018-06-29,103.73
2018-07-02,102.68
2018-07-03,102.0
2018-07-05,102.81
2018-07-06,103.0
2018-07-09,103.92
2018-07-10,104.8
2018-07-11,103.75
2018-07-12,103.84
2018-07-13,103.99
2018-07-16,102.37
2018-07-17,105.41
2018-07-18,106.75
2018-07-19,106.39
2018-07-20,105.0
2018-07-23,104.41
2018-07-24,106.05
2018-07-25,109.28
2018-07-26,110.66
2018-07-27,109.44
2018-07-30,109.74
2018-07-31,110.66
2018-08-01,109.73
2018-08-02,109.32
2018-08-03,110.95
2018-08-06,110.32
2018-08-07,109.96
2018-08-08,109.25
2018-08-09,109.21
2018-08-10,107.46
2018-08-13,106.08
2018-08-14,106.85
2018-08-15,107.03
2018-08-16,107.9
2018-08-17,108.42
2018-08-20,109.73
2018-08-21,111.08
2018-08-22,110.6
2018-08-23,109.77
2018-08-24,110.62
2018-08-27,111.13
2018-08-28,109.87
2018-08-29,111.66
2018-08-30,110.66
2018-08-31,110.54
2018-09-04,109.88
2018-09-05,110.6
2018-09-06,112.0
2018-09-07,111.51
2018-09-10,112.09
2018-09-11,112.59
2018-09-12,112.03
2018-09-13,112.95
2018-09-14,112.17
2018-09-17,112.99
2018-09-18,113.27
2018-09-19,115.05
2018-09-20,115.92
2018-09-21,115.98
2018-09-24,112.69
2018-09-25,111.54
2018-09-26,110.39
2018-09-27,108.99
2018-09-28,109.13
2018-10-01,109.75
2018-10-02,110.21
2018-10-03,108.73
2018-10-04,108.46
2018-10-05,108.02
2018-10-08,109.58
2018-10-09,98.56
2018-10-10,99.6
2018-10-11,96.38
2018-10-12,95.09
2018-10-15,96.15
2018-10-16,98.18
2018-10-17,98.12
2018-10-18,98.99
2018-10-19,101.39
2018-10-22,101.66
2018-10-23,100.63
2018-10-24,97.78
2018-10-25,103.71
2018-10-26,102.83
2018-10-29,102.89
2018-10-30,104.22
2018-10-31,105.09
2018-11-01,106.74
2018-11-02,106.91
2018-11-05,106.45
2018-11-06,107.36
2018-11-07,109.53
2018-11-08,108.67
2018-11-09,107.71
2018-11-12,105.4
2018-11-13,104.31
2018-11-14,105.35
2018-11-15,107.08
2018-11-16,107.17
2018-11-19,107.7
2018-11-20,105.88
2018-11-21,106.81
2018-11-23,107.29
2018-11-26,107.34
2018-11-27,105.8
2018-11-28,107.64
2018-11-29,108.47
2018-11-30,109.33
2018-12-03,110.56
2018-12-04,106.73
2018-12-06,105.79
2018-12-07,103.23
2018-12-10,103.46
2018-12-11,103.04
2018-12-12,103.46
2018-12-13,100.9
2018-12-14,100.14
2018-12-17,97.13
2018-12-18,96.7
2018-12-19,96.43
2018-12-20,97.07
2018-12-21,96.32
2018-12-24,95.6
2018-12-26,99.27
2018-12-27,101.42
2018-12-28,101.23
2018-12-31,102.23
2019-01-02,101.69
2019-01-03,97.97
2019-01-04,99.91
2019-01-07,100.24
2019-01-08,101.07
2019-01-09,101.5
2019-01-10,102.65
2019-01-11,101.86
2019-01-14,101.96
2019-01-15,101.0
2019-01-16,102.54
2019-01-17,107.36
2019-01-18,105.43
2019-01-22,104.35
2019-01-23,102.05
2019-01-24,102.22
2019-01-25,103.5
2019-01-28,103.7
2019-01-29,104.48
2019-01-30,105.05
2019-01-31,105.44
2019-02-01,105.77
2019-02-04,106.26
2019-02-05,107.01
2019-02-06,106.1
2019-02-07,104.85
2019-02-08,104.86
2019-02-11,104.72
2019-02-12,107.61
2019-02-13,107.89
2019-02-14,107.26
2019-02-15,109.11
2019-02-19,108.73
2019-02-20,109.74
2019-02-21,110.13
2019-02-22,111.44
2019-02-25,112.32
2019-02-26,111.47
2019-02-27,112.17
2019-02-28,111.97
2019-03-01,112.76
2019-03-04,111.36
2019-03-05,110.75
2019-03-06,110.55
2019-03-07,109.84
2019-03-08,109.63
2019-03-11,111.3
2019-03-12,111.15
2019-03-13,111.33
2019-03-14,109.68
2019-03-15,110.03
2019-03-18,110.95
2019-03-19,110.9
2019-03-20,110.82
2019-03-21,112.64
2019-03-22,106.69
2019-03-25,107.06
2019-03-26,108.36
2019-03-27,110.08
2019-03-28,111.72
2019-03-29,112.87
2019-04-01,114.22
2019-04-02,114.24
2019-04-03,114.58
2019-04-04,115.0
2019-04-05,114.96
2019-04-08,114.4
2019-04-09,114.28
2019-04-10,114.9
2019-04-11,114.52
2019-04-12,115.6
2019-04-15,116.47
2019-04-16,118.4
2019-04-17,117.39
2019-04-18,119.86
2019-04-22,117.24
2019-04-23,117.62
2019-04-24,116.64
2019-04-25,115.53
2019-04-26,117.81
2019-04-29,117.11
2019-04-30,117.5
2019-05-01,115.47
2019-05-02,116.76
2019-05-03,117.63
2019-05-06,116.29
2019-05-07,114.46
2019-05-08,114.02
2019-05-09,112.88
2019-05-10,112.24
2019-05-13,111.25
2019-05-14,111.56
2019-05-15,111.94
2019-05-16,112.92
2019-05-17,111.77
2019-05-20,107.74
2019-05-21,109.0
2019-05-22,108.48
2019-05-23,106.82
2019-05-24,107.75
2019-05-28,107.51
2019-05-29,107.18
2019-05-30,107.24
2019-05-31,104.65
2019-06-03,107.78
2019-06-04,111.71
2019-06-05,112.35
2019-06-06,112.99
2019-06-07,113.99
2019-06-10,114.39
2019-06-11,116.85
2019-06-12,116.99
2019-06-13,116.91
2019-06-14,116.55
2019-06-17,114.93
2019-06-18,114.68
2019-06-19,115.66
2019-06-20,115.19
2019-06-21,116.07
2019-06-24,116.9
2019-06-25,116.27
2019-06-26,115.53
2019-06-27,115.89
2019-06-28,116.71
2019-07-01,118.63
2019-07-02,118.09
2019-07-03,119.08
2019-07-05,117.96
2019-07-08,116.38
2019-07-09,115.94
2019-07-10,115.41
2019-07-11,116.0
2019-07-12,117.04
2019-07-15,117.71
2019-07-16,117.85
2019-07-17,116.61
2019-07-18,117.0
2019-07-19,117.51
2019-07-22,116.95
2019-07-23,118.96
2019-07-24,118.1
2019-07-25,118.14
2019-07-26,117.94
2019-07-29,118.43
2019-07-30,118.96
2019-07-31,117.39
2019-08-01,115.67
2019-08-02,114.17
2019-08-05,110.96
2019-08-06,110.98
2019-08-07,112.86
2019-08-08,116.65
2019-08-09,115.33
2019-08-12,112.55
2019-08-13,113.09
2019-08-14,110.22
2019-08-15,109.62
2019-08-16,110.72
2019-08-19,111.62
2019-08-20,110.3
2019-08-21,110.7
2019-08-22,110.1
2019-08-23,106.54
2019-08-26,107.17
2019-08-27,107.41
2019-08-28,109.03
2019-08-29,110.14
2019-08-30,110.79
2019-09-03,110.43
2019-09-04,111.52
2019-09-05,113.34
2019-09-06,115.78
2019-09-09,116.51
2019-09-10,117.27
2019-09-11,117.68
2019-09-12,118.21
2019-09-13,119.38
2019-09-16,115.36
2019-09-17,117.21
2019-09-18,119.43
2019-09-19,120.69
2019-09-20,119.26
2019-09-23,118.35
2019-09-24,116.23
2019-09-25,116.66
2019-09-26,116.66
2019-09-27,118.22
2019-09-30,118.51
2019-10-01,116.87
2019-10-02,114.41
2019-10-03,114.6
2019-10-04,116.62
2019-10-07,115.71
2019-10-08,112.35
2019-10-09,114.58
2019-10-10,115.66
2019-10-11,119.17
2019-10-14,117.21
2019-10-15,118.21
2019-10-16,118.96
2019-10-17,121.24
2019-10-18,124.23
2019-10-21,124.68
2019-10-22,125.27
2019-10-23,124.47
2019-10-24,123.58
2019-10-25,124.04
2019-10-28,123.71
2019-10-29,125.05
2019-10-30,125.98
2019-10-31,125.12
2019-11-01,125.44
2019-11-04,128.09
2019-11-05,128.89
2019-11-06,129.77
2019-11-07,129.83
2019-11-08,128.92
2019-11-11,129.2
2019-11-12,130.25
2019-11-13,130.32
2019-11-14,129.75
2019-11-15,129.5
2019-11-18,128.92
2019-11-19,128.79
2019-11-20,126.5
2019-11-21,125.68
2019-11-22,125.41
2019-11-25,127.79
2019-11-26,129.71
2019-11-27,129.19
2019-11-29,128.84
2019-12-02,128.5
2019-12-03,127.96
2019-12-04,129.1
2019-12-05,131.13
2019-12-06,132.54
2019-12-09,132.98
2019-12-10,132.47
2019-12-11,132.31
2019-12-12,133.76
2019-12-13,133.01
2019-12-16,133.25
2019-12-17,133.1
2019-12-18,131.65
2019-12-19,132.42
2019-12-20,132.47
2019-12-23,133.01
2019-12-24,133.54
2019-12-26,133.36
2019-12-27,133.31
2019-12-30,132.92
2019-12-31,133.49
2020-01-02,131.6
2020-01-03,129.69
2020-01-06,129.09
2020-01-07,128.08
2020-01-08,128.41
2020-01-09,128.66
2020-01-10,128.09
2020-01-13,129.22
2020-01-14,129.93
2020-01-15,130.74
2020-01-16,127.41
2020-01-17,128.49
2020-01-21,125.89
2020-01-22,126.16
2020-01-23,126.26
2020-01-24,125.81
2020-01-27,122.96
2020-01-28,124.03
2020-01-29,123.42
2020-01-30,123.11
2020-01-31,119.84
2020-02-03,121.34
2020-02-04,122.53
2020-02-05,124.86
2020-02-06,124.36
2020-02-07,122.61
2020-02-10,120.89
2020-02-11,121.95
2020-02-12,122.36
2020-02-13,120.46
2020-02-14,120.15
2020-02-18,119.33
2020-02-19,119.52
2020-02-20,119.36
2020-02-21,118.91
2020-02-24,115.27
2020-02-25,109.63
2020-02-26,109.09
2020-02-27,103.59
2020-02-28,104.45
2020-03-02,105.31
2020-03-03,104.39
2020-03-04,107.96
2020-03-05,102.65
2020-03-06,101.45
2020-03-09,97.41
2020-03-10,101.98
2020-03-11,96.97
2020-03-12,89.9
2020-03-13,94.19
2020-03-16,82.42
2020-03-17,82.62
2020-03-18,72.92
2020-03-19,76.56
2020-03-20,79.72
2020-03-23,72.5
2020-03-24,82.05
2020-03-25,85.71
2020-03-26,89.76
2020-03-27,85.0
2020-03-30,85.92
2020-03-31,83.6
2020-04-01,79.89
2020-04-02,80.73
2020-04-03,80.43
2020-04-06,86.63
2020-04-07,91.09
2020-04-08,93.35
2020-04-09,97.17
2020-04-13,93.68
2020-04-14,92.79
2020-04-15,88.48
2020-04-16,88.9
2020-04-17,93.31
2020-04-20,91.1
2020-04-21,88.01
2020-04-22,90.07
2020-04-23,90.52
2020-04-24,92.74
2020-04-27,96.0
2020-04-28,91.49
2020-04-29,95.88
2020-04-30,90.83
2020-05-01,88.0
2020-05-04,86.83
2020-05-05,88.27
2020-05-06,88.8
2020-05-07,90.36
2020-05-08,91.98
2020-05-11,90.42
2020-05-12,87.63
2020-05-13,84.24
2020-05-14,85.97
2020-05-15,86.92
2020-05-18,91.85
2020-05-19,93.22
2020-05-20,95.99
2020-05-21,95.09
2020-05-22,96.18
2020-05-26,100.0
2020-05-27,102.35
2020-05-28,102.64
2020-05-29,101.67
2020-06-01,103.37
2020-06-02,107.52
2020-06-03,111.68
2020-06-04,111.12
2020-06-05,113.95
2020-06-08,113.4
2020-06-09,111.42
2020-06-10,109.04
2020-06-11,99.56
2020-06-12,101.63
2020-06-15,103.2
2020-06-16,104.76
2020-06-17,104.87
2020-06-18,104.42
2020-06-19,103.72
2020-06-22,103.67
2020-06-23,103.69
2020-06-24,101.88
2020-06-25,102.77
2020-06-26,102.14
2020-06-29,103.94
2020-06-30,106.06
2020-07-01,106.35
2020-07-02,109.07
2020-07-06,109.88
2020-07-07,108.42
2020-07-08,106.47
2020-07-09,105.08
2020-07-10,107.04
2020-07-13,109.38
2020-07-14,111.72
2020-07-15,115.62
2020-07-16,115.26
2020-07-17,111.88
2020-07-20,109.39
2020-07-21,110.16
2020-07-22,111.68
2020-07-23,110.83
2020-07-24,110.56
2020-07-27,110.23
2020-07-28,108.58
2020-07-29,110.41
2020-07-30,108.2
2020-07-31,107.65
2020-08-03,107.38
2020-08-04,107.79
2020-08-05,111.66
2020-08-06,111.44
2020-08-07,113.71
2020-08-10,115.74
2020-08-11,120.89
2020-08-12,120.99
2020-08-13,118.81
2020-08-14,118.98
2020-08-17,118.92
2020-08-18,118.69
2020-08-19,118.64
2020-08-20,118.24
2020-08-21,118.23
2020-08-24,121.08
2020-08-25,119.82
2020-08-26,119.95
2020-08-27,120.79
2020-08-28,122.12
2020-08-31,120.4
2020-09-01,124.0
2020-09-02,125.98
2020-09-03,122.79
2020-09-04,122.61
2020-09-08,120.99
2020-09-09,125.34
2020-09-10,125.74
2020-09-11,127.1
2020-09-14,130.21
2020-09-15,129.92
2020-09-16,129.04
2020-09-17,129.25
2020-09-18,125.77
2020-09-21,120.08
2020-09-22,120.82
2020-09-23,118.32
2020-09-24,118.95
2020-09-25,120.25
2020-09-28,121.74
2020-09-29,120.33
2020-09-30,122.08
2020-10-01,121.78
2020-10-02,123.27
2020-10-05,125.92
2020-10-06,124.55
2020-10-07,128.94
2020-10-08,134.99
2020-10-09,135.88
2020-10-12,136.05
2020-10-13,133.57
2020-10-14,134.59
2020-10-15,136.74
2020-10-16,137.16
2020-10-19,134.32
2020-10-20,134.63
2020-10-21,134.03
2020-10-22,133.7
2020-10-23,134.27
2020-10-26,131.33
2020-10-27,127.39
2020-10-28,125.21
2020-10-29,128.1
2020-10-30,129.72
2020-11-02,135.18
2020-11-03,136.86
2020-11-04,132.81
2020-11-05,138.26
2020-11-06,138.76
2020-11-09,141.87
2020-11-10,142.82
2020-11-11,142.65
2020-11-12,139.87
2020-11-13,142.82
2020-11-16,144.27
2020-11-17,143.27
2020-11-18,142.8
2020-11-19,143.22
2020-11-20,143.04
2020-11-23,144.78
2020-11-24,147.93
2020-11-25,146.69
2020-11-27,147.78
2020-11-30,146.77
2020-12-01,149.11
2020-12-02,147.11
2020-12-03,145.43
2020-12-04,146.93
2020-12-07,144.9
2020-12-08,144.88
2020-12-09,145.39
2020-12-10,143.33
2020-12-11,142.93
2020-12-14,141.76
2020-12-15,144.12
2020-12-16,142.89
2020-12-17,144.29
2020-12-18,145.43
2020-12-21,146.1
2020-12-22,144.7
2020-12-23,143.87
2020-12-24,145.0
2020-12-28,143.17
2020-12-29,142.9
2020-12-30,143.22
2020-12-31,144.22
2021-01-04,141.31
2021-01-05,144.34
2021-01-06,148.93
2021-01-07,150.83
2021-01-08,148.3
2021-01-11,149.45
2021-01-12,151.28
2021-01-13,152.01
2021-01-14,151.75
2021-01-15,148.04
2021-01-19,145.04
2021-01-20,144.55
2021-01-21,143.53
2021-01-22,137.82
2021-01-25,140.6
2021-01-26,141.01
2021-01-27,139.95
2021-01-28,139.14
2021-01-29,134.71
2021-02-01,138.58
2021-02-02,140.53
2021-02-03,139.91
2021-02-04,139.26
2021-02-05,140.11
2021-02-08,140.22
2021-02-09,137.29
2021-02-10,137.96
2021-02-11,138.06
2021-02-12,138.55
2021-02-16,137.35
2021-02-17,136.6
2021-02-18,136.29
2021-02-19,136.67
2021-02-22,134.45
2021-02-23,134.97
2021-02-24,136.89
2021-02-25,134.97
2021-02-26,134.82
2021-03-01,137.85
2021-03-02,140.77
2021-03-03,139.62
2021-03-04,137.83
2021-03-05,142.61
2021-03-08,146.1
2021-03-09,146.07
2021-03-10,148.48
2021-03-11,146.07
2021-03-12,145.3
2021-03-15,145.05
2021-03-16,144.8
2021-03-17,146.56
2021-03-18,149.8
2021-03-19,147.42
2021-03-22,147.94
2021-03-23,147.47
2021-03-24,148.16
2021-03-25,152.34
2021-03-26,154.82
2021-03-29,155.52
2021-03-30,152.79
2021-03-31,150.26
2021-04-01,151.96
2021-04-05,153.56
2021-04-06,153.57
2021-04-07,147.97
2021-04-08,148.05
2021-04-09,150.47
2021-04-12,151.39
2021-04-13,151.07
2021-04-14,150.87
2021-04-15,153.97
2021-04-16,167.41
2021-04-19,168.78
2021-04-20,169.0
2021-04-21,173.57
2021-04-22,171.56
2021-04-23,174.65
2021-04-26,173.13
2021-04-27,172.23
2021-04-28,172.55
2021-04-29,173.19
2021-04-30,171.24
2021-05-03,173.01
2021-05-04,178.75
2021-05-05,179.04
2021-05-06,180.09
2021-05-07,179.49
2021-05-10,179.27
2021-05-11,178.99
2021-05-12,173.85
2021-05-13,178.04
2021-05-14,179.1
2021-05-17,179.96
2021-05-18,177.16
2021-05-19,176.35
2021-05-20,177.48
2021-05-21,178.45
2021-05-24,179.57
2021-05-25,179.1
2021-05-26,178.75
2021-05-27,180.79
2021-05-28,179.72
2021-06-01,180.75
2021-06-02,180.34
2021-06-03,180.99
2021-06-04,182.33
2021-06-07,179.98
2021-06-08,179.07
2021-06-09,177.11
2021-06-10,177.39
2021-06-11,177.53
2021-06-14,175.38
2021-06-15,176.35
2021-06-16,174.72
2021-06-17,171.16
2021-06-18,168.12
2021-06-21,171.64
2021-06-22,171.51
2021-06-23,169.69
2021-06-24,169.52
2021-06-25,167.21
2021-06-28,168.44
2021-06-29,168.56
2021-06-30,169.77
2021-07-01,169.99
2021-07-02,170.66
2021-07-06,169.01
2021-07-07,172.3
2021-07-08,168.97
2021-07-09,171.41
2021-07-12,172.08
2021-07-13,169.94
2021-07-14,170.09
2021-07-15,171.48
2021-07-16,170.2
2021-07-19,165.75
2021-07-20,158.49
2021-07-21,159.77
2021-07-22,160.5
2021-07-23,162.92
2021-07-26,164.94
2021-07-27,165.14
2021-07-28,163.35
2021-07-29,162.86
2021-07-30,163.52
2021-08-02,163.3
2021-08-03,165.63
2021-08-04,163.81
2021-08-05,162.95
2021-08-06,164.23
2021-08-09,164.3
2021-08-10,167.36
2021-08-11,170.19
2021-08-12,170.39
2021-08-13,169.78
2021-08-16,169.39
2021-08-17,166.59
2021-08-18,164.51
2021-08-19,161.14
2021-08-20,161.12
2021-08-23,162.36
2021-08-24,162.88
2021-08-25,163.39
2021-08-26,161.15
2021-08-27,161.84
2021-08-30,161.71
2021-08-31,159.55
2021-09-01,157.75
2021-09-02,158.63
2021-09-03,155.66
2021-09-07,150.4
2021-09-08,151.02
2021-09-09,154.56
2021-09-10,153.03
2021-09-13,152.51
2021-09-14,150.33
2021-09-15,150.71
2021-09-16,149.79
2021-09-17,146.74
2021-09-20,146.31
2021-09-21,145.66
2021-09-22,145.26
2021-09-23,146.52
2021-09-24,148.58
2021-09-27,148.16
2021-09-28,146.09
2021-09-29,145.75
2021-09-30,143.01
2021-10-01,144.01
2021-10-04,144.01
2021-10-05,145.85
2021-10-06,146.75
2021-10-07,150.48
2021-10-08,150.74
2021-10-11,151.86
2021-10-12,152.8
2021-10-13,154.68
2021-10-14,158.88
2021-10-15,160.3
2021-10-18,157.4
2021-10-19,158.94
2021-10-20,160.43
2021-10-21,165.0
2021-10-22,161.72
2021-10-25,160.07
2021-10-26,161.87
2021-10-27,161.52
2021-10-28,162.98
2021-10-29,160.57
2021-11-01,159.03
2021-11-02,161.89
2021-11-03,162.81
2021-11-04,163.25
2021-11-05,163.09
2021-11-08,162.47
2021-11-09,161.45
2021-11-10,160.73
2021-11-11,159.51
2021-11-12,161.64
2021-11-15,162.93
2021-11-16,164.84
2021-11-17,164.3
2021-11-18,162.35
2021-11-19,160.84
2021-11-22,161.29
2021-11-23,160.43
2021-11-24,158.76
2021-11-26,155.6
2021-11-29,157.36
2021-11-30,154.17
2021-12-01,153.48
2021-12-02,159.03
2021-12-03,160.39
2021-12-06,164.43
2021-12-07,166.28
2021-12-08,164.82
2021-12-09,164.05
2021-12-10,163.37
2021-12-13,162.81
2021-12-14,162.46
2021-12-15,165.86
2021-12-16,169.32
2021-12-17,164.59
2021-12-20,160.68
2021-12-21,163.93
2021-12-22,165.74
2021-12-23,167.06
2021-12-27,169.74
2021-12-28,171.19
2021-12-29,171.21
2021-12-30,171.09
2021-12-31,172.44
2022-01-03,170.6
2022-01-04,171.25
2022-01-05,173.1
2022-01-06,170.62
2022-01-07,167.71
2022-01-10,166.19
2022-01-11,168.81
2022-01-12,168.45
2022-01-13,168.82
2022-01-14,165.0
2022-01-18,163.79
2022-01-19,161.55
2022-01-20,159.7
2022-01-21,154.74
2022-01-24,155.03
2022-01-25,153.99
2022-01-26,153.49
2022-01-27,153.39
2022-01-28,154.83
2022-01-31,156.2
2022-02-01,157.35
2022-02-02,157.62
2022-02-03,156.74
2022-02-04,152.99
2022-02-07,152.83
2022-02-08,154.25
2022-02-09,156.99
2022-02-10,153.81
2022-02-11,149.9
2022-02-14,149.27
2022-02-15,151.64
2022-02-16,151.87
2022-02-17,149.05
2022-02-18,149.64
2022-02-22,146.67
2022-02-23,140.61
2022-02-24,137.71
2022-02-25,141.09
2022-02-28,133.45
2022-03-01,126.5
2022-03-02,128.78
2022-03-03,128.05
2022-03-04,123.95
2022-03-07,114.5
2022-03-08,117.74
2022-03-09,122.03
2022-03-10,121.19
2022-03-11,120.23
2022-03-14,121.95
2022-03-15,123.37
2022-03-16,127.87
2022-03-17,128.68
2022-03-18,130.93
2022-03-21,128.91
2022-03-22,130.46
2022-03-23,128.74
2022-03-24,129.51
2022-03-25,129.46
2022-03-28,129.55
2022-03-29,135.89
2022-03-30,132.94
2022-03-31,131.07
2022-04-01,134.01
2022-04-04,133.37
2022-04-05,132.41
2022-04-06,134.14
2022-04-07,134.15
2022-04-08,132.53
2022-04-11,131.75
2022-04-12,128.71
2022-04-13,130.59
2022-04-14,128.27
2022-04-18,126.49
2022-04-19,129.64
2022-04-20,131.7
2022-04-21,133.15
2022-04-22,132.85
2022-04-25,129.34
2022-04-26,125.9
2022-04-27,129.61
2022-04-28,130.85
2022-04-29,127.99
2022-05-02,130.99
2022-05-03,133.21
2022-05-04,137.34
2022-05-05,131.57
2022-05-06,128.53
2022-05-09,127.14
2022-05-10,125.04
2022-05-11,124.3
2022-05-12,123.32
2022-05-13,122.36
2022-05-16,120.47
2022-05-17,124.33
2022-05-18,119.56
2022-05-19,122.67
2022-05-20,119.68
2022-05-23,122.81
2022-05-24,121.46
2022-05-25,123.41
2022-05-26,126.3
2022-05-27,130.03
2022-05-31,126.49
2022-06-01,125.37
2022-06-02,128.79
2022-06-03,125.46
2022-06-06,127.13
2022-06-07,128.78
2022-06-08,127.01
2022-06-09,123.99
2022-06-10,115.9
2022-06-13,113.3
2022-06-14,111.51
2022-06-15,113.62
2022-06-16,108.5
2022-06-17,110.02
2022-06-21,110.6
2022-06-22,112.74
2022-06-23,114.36
2022-06-24,121.01
2022-06-27,121.3
2022-06-28,119.27
2022-06-29,117.21
2022-06-30,114.34
2022-07-01,117.86
2022-07-05,118.76
2022-07-06,119.4
2022-07-07,119.1
2022-07-08,117.87
2022-07-11,114.17
2022-07-12,116.03
2022-07-13,115.71
2022-07-14,114.84
2022-07-15,116.8
2022-07-18,114.91
2022-07-19,119.77
2022-07-20,120.1
2022-07-21,122.95
2022-07-22,127.73
2022-07-25,126.87
2022-07-26,126.22
2022-07-27,126.93
2022-07-28,130.36
2022-07-29,129.29
2022-08-01,129.31
2022-08-02,126.65
2022-08-03,128.24
2022-08-04,128.13
2022-08-05,127.36
2022-08-08,128.29
2022-08-09,127.19
2022-08-10,133.54
2022-08-11,133.34
2022-08-12,135.55
2022-08-15,136.39
2022-08-16,137.21
2022-08-17,134.19
2022-08-18,133.48
2022-08-19,131.94
2022-08-22,127.23
2022-08-23,127.65
2022-08-24,128.01
2022-08-25,132.16
2022-08-26,126.04
2022-08-29,125.94
2022-08-30,127.78
2022-08-31,126.98
2022-09-01,124.54
2022-09-02,123.76
2022-09-06,123.69
2022-09-07,127.84
2022-09-08,127.76
2022-09-09,128.11
2022-09-12,131.58
2022-09-13,124.49
2022-09-14,120.16
2022-09-15,120.44
2022-09-16,117.48
2022-09-19,119.23
2022-09-20,116.66
2022-09-21,113.3
2022-09-22,111.92
2022-09-23,112.32
2022-09-26,111.17
2022-09-27,111.06
2022-09-28,113.3
2022-09-29,111.61
2022-09-30,110.69
2022-10-03,114.19
2022-10-04,119.15
2022-10-05,120.23
2022-10-06,117.73
2022-10-07,114.37
2022-10-10,110.75
2022-10-11,110.76
2022-10-12,109.69
2022-10-13,112.22
2022-10-14,110.33
2022-10-17,113.31
2022-10-18,116.74
2022-10-19,114.64
2022-10-20,108.41
2022-10-21,112.59
2022-10-24,111.95
2022-10-25,112.96
2022-10-26,112.82
2022-10-27,112.36
2022-10-28,114.16
2022-10-31,114.18
2022-11-01,114.0
2022-11-02,110.08
2022-11-03,109.71
2022-11-04,115.46
2022-11-07,116.34
2022-11-08,116.46
2022-11-09,114.18
2022-11-10,124.81
2022-11-11,130.09
2022-11-14,127.96
2022-11-15,129.5
2022-11-16,128.99
2022-11-17,126.66
2022-11-18,128.47
2022-11-21,129.05
2022-11-22,131.99
2022-11-23,133.06
2022-11-25,133.36
2022-11-28,130.3
2022-11-29,131.83
2022-11-30,135.22
2022-12-01,134.96
2022-12-02,137.3
2022-12-05,134.59
2022-12-06,132.04
2022-12-07,129.44
2022-12-08,130.36
2022-12-09,130.41
2022-12-12,132.32
2022-12-13,134.07
2022-12-14,132.77
2022-12-15,128.77
2022-12-16,126.17
2022-12-19,125.63
2022-12-20,124.76
2022-12-21,127.15
2022-12-22,125.86
2022-12-23,126.72
2022-12-27,126.42
2022-12-28,124.27
2022-12-29,126.4
2022-12-30,125.74
2023-01-03,126.84
2023-01-04,129.97
2023-01-05,123.11
2023-01-06,128.5
2023-01-09,128.87
2023-01-10,129.78
2023-01-11,132.09
2023-01-12,131.62
2023-01-13,132.4
2023-01-17,130.62
2023-01-18,127.78
2023-01-19,123.6
2023-01-20,131.0
2023-01-23,130.3
2023-01-24,130.97
2023-01-25,128.15
2023-01-26,127.7
2023-01-27,127.35
2023-01-30,127.65
2023-01-31,130.34
2023-02-01,132.01
2023-02-02,134.43
2023-02-03,130.73
2023-02-06,129.44
2023-02-07,131.27
2023-02-08,130.38
2023-02-09,128.86
2023-02-10,126.23
2023-02-13,128.74
2023-02-14,129.78
2023-02-15,131.04
2023-02-16,129.15
2023-02-17,129.91
2023-02-21,126.2
2023-02-22,128.67
2023-02-23,128.17
2023-02-24,129.71
2023-02-27,131.61
2023-02-28,132.06
2023-03-01,133.23
2023-03-02,134.84
2023-03-03,137.46
2023-03-06,133.64
2023-03-07,130.91
2023-03-08,131.21
2023-03-09,127.4
2023-03-10,126.0
2023-03-13,124.71
2023-03-14,129.16
2023-03-15,125.43
2023-03-16,126.55
2023-03-17,122.49
2023-03-20,125.31
2023-03-21,126.6
2023-03-22,123.61
2023-03-23,123.51
2023-03-24,125.44
2023-03-27,126.0
2023-03-28,126.22
2023-03-29,128.24
2023-03-30,129.83
2023-03-31,133.58
2023-04-03,140.04
2023-04-04,138.32
2023-04-05,138.95
2023-04-06,138.07
2023-04-10,138.34
2023-04-11,139.3
2023-04-12,138.01
2023-04-13,139.29
2023-04-14,138.42
2023-04-17,140.93
2023-04-18,141.61
2023-04-19,140.55
2023-04-20,141.45
2023-04-21,141.98
2023-04-24,142.96
2023-04-25,140.43
2023-04-26,137.64
2023-04-27,138.93
2023-04-28,140.26
2023-05-01,139.76
2023-05-02,139.6
2023-05-03,138.34
2023-05-04,135.5
2023-05-05,138.03
2023-05-08,138.68
2023-05-09,137.14
2023-05-10,136.86
2023-05-11,137.24
2023-05-12,138.1
2023-05-15,140.63
2023-05-16,139.33
2023-05-17,142.41
2023-05-18,142.57
2023-05-19,142.4
2023-05-22,140.68
2023-05-23,136.88
2023-05-24,133.41
2023-05-25,133.04
2023-05-26,133.73
2023-05-30,134.35
2023-05-31,131.29
2023-06-01,134.98
2023-06-02,139.58
2023-06-05,137.92
2023-06-06,139.22
2023-06-07,141.85
2023-06-08,141.17
2023-06-09,139.67
2023-06-12,139.99
2023-06-13,141.32
2023-06-14,140.7
2023-06-15,141.27
2023-06-16,143.08
2023-06-20,142.04
2023-06-21,142.34
2023-06-22,140.77
2023-06-23,138.89
2023-06-26,141.08
2023-06-27,144.43
2023-06-28,143.3
2023-06-29,145.37
2023-06-30,148.3
2023-07-03,149.07
2023-07-05,146.18
2023-07-06,145.23
2023-07-07,146.77
2023-07-10,147.9
2023-07-11,150.59
2023-07-12,151.67
2023-07-13,151.51
2023-07-14,149.74
2023-07-17,151.2
2023-07-18,151.37
2023-07-19,150.26
2023-07-20,149.72
2023-07-21,149.35
2023-07-24,145.87
2023-07-25,147.01
2023-07-26,146.18
2023-07-27,144.8
2023-07-28,145.41
2023-07-31,143.9
2023-08-01,145.55
2023-08-02,141.77
2023-08-03,140.28
2023-08-04,140.57
2023-08-07,143.26
2023-08-08,143.33
2023-08-09,139.44
2023-08-10,139.45
2023-08-11,136.64
2023-08-14,139.63
2023-08-15,138.87
2023-08-16,137.64
2023-08-17,138.07
2023-08-18,139.53
2023-08-21,138.6
2023-08-22,138.36
2023-08-23,137.85
2023-08-24,137.25
2023-08-25,138.37
2023-08-28,138.83
2023-08-29,140.96
2023-08-30,142.04
2023-08-31,141.76
2023-09-01,142.01
2023-09-05,136.47
2023-09-06,137.05
2023-09-07,136.18
2023-09-08,135.7
2023-09-11,136.35
2023-09-12,133.84
2023-09-13,133.0
2023-09-14,134.39
2023-09-15,133.8
2023-09-18,132.49
2023-09-19,132.21
2023-09-20,130.8
2023-09-21,128.29
2023-09-22,130.13
2023-09-25,132.05
2023-09-26,128.61
2023-09-27,128.03
2023-09-28,130.56
2023-09-29,129.8
2023-10-02,129.37
2023-10-03,128.65
2023-10-04,133.22
2023-10-05,131.33
2023-10-06,133.13
2023-10-09,128.76
2023-10-10,130.28
2023-10-11,132.52
2023-10-12,130.06
2023-10-13,128.46
2023-10-16,130.35
2023-10-17,131.45
2023-10-18,127.78
2023-10-19,124.34
2023-10-20,124.72
2023-10-23,123.69
2023-10-24,122.85
2023-10-25,121.48
2023-10-26,122.01
2023-10-27,120.72
2023-10-30,121.82
2023-10-31,122.77
2023-11-01,122.97
2023-11-02,124.92
2023-11-03,128.31
2023-11-06,127.75
2023-11-07,127.81
2023-11-08,129.55
2023-11-09,127.37
2023-11-10,128.81
2023-11-13,129.28
2023-11-14,133.51
2023-11-15,133.62
2023-11-16,135.16
2023-11-17,135.87
2023-11-20,135.56
2023-11-21,136.58
2023-11-22,136.64
2023-11-24,136.45
2023-11-27,137.29
2023-11-28,138.08
2023-11-29,139.55
2023-11-30,141.99
2023-12-01,143.63
2023-12-04,143.15
2023-12-05,142.65
2023-12-06,142.7
2023-12-07,144.98
2023-12-08,143.98
2023-12-11,145.84
2023-12-12,145.37
2023-12-13,147.47
2023-12-14,149.15
2023-12-15,148.68
2023-12-18,148.75
2023-12-19,149.51
2023-12-20,146.32
2023-12-21,147.75
2023-12-22,148.75
2023-12-26,149.69
2023-12-27,150.16
2023-12-28,150.38
2023-12-29,149.55
2024-01-02,147.28
2024-01-03,145.62
2024-01-04,144.91
2024-01-05,145.94
2024-01-08,147.39
2024-01-09,146.23
2024-01-10,147.29
2024-01-11,146.39
2024-01-12,145.55
2024-01-16,143.76
2024-01-17,143.08
2024-01-18,144.95
2024-01-19,141.39
2024-01-22,142.14
2024-01-23,142.44
2024-01-24,141.03
2024-01-25,142.79
2024-01-26,143.04
2024-01-29,142.86
2024-01-30,143.07
2024-01-31,141.04
2024-02-01,141.5
2024-02-02,140.09
2024-02-05,137.57
2024-02-06,139.89
2024-02-07,139.37
2024-02-08,138.63
2024-02-09,139.58
2024-02-12,140.9
2024-02-13,138.74
2024-02-14,140.1
2024-02-15,142.42
2024-02-16,141.91
2024-02-20,141.16
2024-02-21,142.65
2024-02-22,143.38
2024-02-23,144.37
2024-02-26,142.34
2024-02-27,140.91
2024-02-28,140.48
2024-02-29,141.6
2024-03-01,139.52
2024-03-04,139.22
2024-03-05,138.79
2024-03-06,140.12
2024-03-07,140.9
2024-03-08,140.73
2024-03-11,142.5
2024-03-12,141.31
2024-03-13,141.88
2024-03-14,138.96
2024-03-15,137.86
2024-03-18,139.07
2024-03-19,141.6
2024-03-20,142.26
2024-03-21,143.61
2024-03-22,142.56
2024-03-25,141.15
2024-03-26,141.82
2024-03-27,144.54
2024-03-28,144.9
2024-04-01,143.38
2024-04-02,141.66
2024-04-03,141.73
2024-04-04,139.77
2024-04-05,139.04
2024-04-08,139.91
2024-04-09,142.2
2024-04-10,137.73
2024-04-11,137.6
2024-04-12,134.43
2024-04-15,135.02
2024-04-16,133.51
2024-04-17,134.96
2024-04-18,135.11
2024-04-19,130.9
2024-04-22,131.16
2024-04-23,130.43
2024-04-24,130.52
2024-04-25,129.23
2024-04-26,130.16
2024-04-29,130.74
2024-04-30,129.0
2024-05-01,130.95
2024-05-02,132.25
2024-05-03,132.92
2024-05-06,133.04
2024-05-07,134.21
2024-05-08,133.43
2024-05-09,134.35
2024-05-10,135.33
2024-05-13,135.74
2024-05-14,135.38
2024-05-15,135.04
2024-05-16,134.78
2024-05-17,134.44
2024-05-20,133.77
2024-05-21,133.73
2024-05-22,134.7
2024-05-23,131.02
2024-05-24,131.42
2024-05-28,129.6
2024-05-29,127.15
2024-05-30,129.12
2024-05-31,131.41
2024-06-03,131.66
2024-06-04,131.68
2024-06-05,133.21
2024-06-06,130.62
2024-06-07,128.41
2024-06-10,128.46
2024-06-11,129.57
2024-06-12,130.41
2024-06-13,129.79
2024-06-14,127.32
2024-06-17,128.27
2024-06-18,127.86
2024-06-20,128.46
2024-06-21,128.59
2024-06-24,128.15
2024-06-25,125.22
2024-06-26,125.25
2024-06-27,124.9
2024-06-28,125.89
2024-07-01,123.98
2024-07-02,124.88
2024-07-03,124.87
2024-07-05,125.23
2024-07-08,127.0
2024-07-09,125.26
2024-07-10,126.64
2024-07-11,129.71
2024-07-12,130.62
2024-07-15,130.88
2024-07-16,133.23
2024-07-17,133.76
2024-07-18,131.71
2024-07-19,128.04
2024-07-22,128.37
2024-07-23,126.72
2024-07-24,125.24
2024-07-25,125.94
2024-07-26,127.55
2024-07-29,127.74
2024-07-30,127.21
2024-07-31,126.98
2024-08-01,125.88
2024-08-02,123.46
2024-08-05,119.39
2024-08-06,119.06
2024-08-07,118.32
2024-08-08,119.23
2024-08-09,119.24
2024-08-12,118.4
2024-08-13,119.26
2024-08-14,119.87
2024-08-15,122.07
2024-08-16,122.4
2024-08-19,123.25
2024-08-20,123.0
2024-08-21,124.95
2024-08-22,125.16
2024-08-23,126.53
2024-08-26,126.9
2024-08-27,127.11
2024-08-28,127.64
2024-08-29,128.84
2024-08-30,129.73
2024-09-03,127.95
2024-09-04,126.67
2024-09-05,125.28
2024-09-06,124.78
2024-09-09,126.14
2024-09-10,125.89
2024-09-11,125.5
2024-09-12,125.49
2024-09-13,126.98
2024-09-16,127.34
2024-09-17,127.46
2024-09-18,127.46
2024-09-19,129.23
2024-09-20,126.5
2024-09-23,127.3
2024-09-24,128.32
2024-09-25,127.84
2024-09-26,134.55
2024-09-27,134.56
2024-09-30,132.46
2024-10-01,130.74
2024-10-02,130.68
2024-10-03,127.84
2024-10-04,128.57
2024-10-07,128.75
2024-10-08,127.23
2024-10-09,127.44
2024-10-10,127.35
2024-10-11,128.25
2024-10-14,128.5
2024-10-15,129.87
2024-10-16,130.36
2024-10-17,131.36
2024-10-18,130.93
2024-10-21,128.82
2024-10-22,126.6
2024-10-23,126.28
2024-10-24,127.24
2024-10-25,126.45
2024-10-28,127.38
2024-10-29,126.52
2024-10-30,125.67
2024-10-31,124.51
2024-11-01,124.41
2024-11-04,124.86
2024-11-05,124.65
2024-11-06,125.76
2024-11-07,125.98
2024-11-08,125.52
2024-11-11,125.96
2024-11-12,121.75
2024-11-13,123.42
2024-11-14,123.52
2024-11-15,122.53
2024-11-18,123.42
2024-11-19,121.08
2024-11-20,121.29
2024-11-21,122.68
2024-11-22,122.65
2024-11-25,125.79
2024-11-26,123.35
2024-11-27,123.45
2024-11-29,124.37
2024-12-02,125.97
2024-12-03,126.18
2024-12-04,126.83
2024-12-05,125.5
2024-12-06,125.57
2024-12-09,126.86
2024-12-10,125.42
2024-12-11,122.59
2024-12-12,124.02
2024-12-13,124.17
2024-12-16,122.64
2024-12-17,122.06
2024-12-18,121.25
2024-12-19,119.52
2024-12-20,120.21
2024-12-23,120.15
2024-12-24,120.98
2024-12-26,121.23
2024-12-27,120.38
2024-12-30,119.09
2024-12-31,119.45
2025-01-02,115.42
2025-01-03,114.27
2025-01-06,115.07
2025-01-07,115.86
2025-01-08,115.69
2025-01-10,113.18
2025-01-13,114.8
2025-01-14,116.53
2025-01-15,117.57
2025-01-16,119.6
2025-01-17,120.24
2025-01-21,123.37
2025-01-22,122.87
2025-01-23,123.48
2025-01-24,122.78
2025-01-27,124.29
2025-01-28,123.01
2025-01-29,122.38
2025-01-30,122.75
2025-01-31,115.38
2025-02-03,111.99
2025-02-04,111.27
2025-02-05,112.57
2025-02-06,115.9
2025-02-07,114.84
2025-02-10,114.12
2025-02-11,114.91
2025-02-12,114.8
2025-02-13,117.92
2025-02-14,117.75
2025-02-18,119.26
2025-02-19,116.79
2025-02-20,117.89
2025-02-21,114.8
2025-02-24,113.53
2025-02-25,114.39
2025-02-26,115.04
2025-02-27,113.68
2025-02-28,113.22
2025-03-03,111.72
2025-03-04,109.29
2025-03-05,114.09
2025-03-06,115.37
2025-03-07,115.48
2025-03-10,114.69
2025-03-11,113.43
2025-03-12,110.98
2025-03-13,111.36
2025-03-14,113.47
2025-03-17,113.84
2025-03-18,113.57
2025-03-19,113.1
2025-03-20,111.26
2025-03-21,110.73
2025-03-24,112.98
2025-03-25,111.74
2025-03-26,111.93
2025-03-27,108.36
2025-03-28,107.44
2025-03-31,109.35
2025-04-01,108.95
2025-04-02,110.11
2025-04-03,103.99
2025-04-04,99.15
2025-04-07,96.93
2025-04-08,91.66
2025-04-09,103.11
2025-04-10,98.53
2025-04-11,100.73
2025-04-14,101.48
2025-04-15,99.61
2025-04-16,98.42
2025-04-17,100.05
2025-04-21,99.4
2025-04-22,101.78
2025-04-23,101.83
2025-04-24,104.13
2025-04-25,102.57
2025-04-28,102.96
2025-04-29,103.81
2025-04-30,108.86
2025-05-01,108.77
2025-05-02,110.49
2025-05-05,110.22
2025-05-06,108.56
2025-05-07,106.76
2025-05-08,108.61
2025-05-09,109.44
2025-05-12,114.21
2025-05-13,113.34
2025-05-14,111.67
2025-05-15,113.06
2025-05-16,114.08
2025-05-19,114.26
2025-05-20,113.79
2025-05-21,111.24
2025-05-22,111.21
2025-05-23,110.08
2025-05-27,112.26
2025-05-28,110.55
2025-05-29,111.31
2025-05-30,110.8
2025-06-02,110.35
2025-06-03,111.37
2025-06-04,111.93
2025-06-05,111.26
2025-06-06,112.6
2025-06-09,113.46
